"Intent,""Year"",""Age Group"",""Sex"",""Deaths"",""Population"",""Crude Rate"",""Age-Adjusted Rate"",""Years of Potential Life Lost"""
"Unintentional,""2023"",""0 to 4"",""Males"",""30"",""201,052"",""14.92"",""--"",""1,912"""
"Unintentional,""2023"",""0 to 4"",""Females"",""24"",""192,479"",""12.47"",""--"",""1,534"""
"Unintentional,""2023"",""5 to 9"",""Males"",""17**"",""222,723"",""7.63**"",""--"",""984"""
"Unintentional,""2023"",""5 to 9"",""Females"",""--"",""213,276"",""--"",""--"",""--"""
"Unintentional,""2023"",""10 to 14"",""Males"",""20**"",""232,741"",""8.59**"",""--"",""1,045"""
"Unintentional,""2023"",""10 to 14"",""Females"",""13**"",""223,348"",""5.82**"",""--"",""689"""
"Unintentional,""2023"",""15 to 19"",""Males"",""84"",""255,240"",""32.91"",""--"",""3,968"""
"Unintentional,""2023"",""15 to 19"",""Females"",""49"",""241,446"",""20.29"",""--"",""2,325"""
"Unintentional,""2023"",""20 to 24"",""Males"",""200"",""260,351"",""76.82"",""--"",""8,542"""
"Unintentional,""2023"",""20 to 24"",""Females"",""61"",""244,777"",""24.92"",""--"",""2,602"""
"Unintentional,""2023"",""25 to 29"",""Males"",""327"",""262,910"",""124.38"",""--"",""12,388"""
"Unintentional,""2023"",""25 to 29"",""Females"",""75"",""245,200"",""30.59"",""--"",""2,855"""
"Unintentional,""2023"",""30 to 34"",""Males"",""385"",""267,887"",""143.72"",""--"",""12,687"""
"Unintentional,""2023"",""30 to 34"",""Females"",""126"",""251,032"",""50.19"",""--"",""4,127"""
"Unintentional,""2023"",""35 to 39"",""Males"",""405"",""247,289"",""163.78"",""--"",""11,384"""
"Unintentional,""2023"",""35 to 39"",""Females"",""104"",""231,656"",""44.89"",""--"",""2,912"""
"Unintentional,""2023"",""40 to 44"",""Males"",""335"",""236,928"",""141.39"",""--"",""7,678"""
"Unintentional,""2023"",""40 to 44"",""Females"",""100"",""228,004"",""43.86"",""--"",""2,285"""
"Unintentional,""2023"",""45 to 49"",""Males"",""273"",""212,106"",""128.71"",""--"",""4,926"""
"Unintentional,""2023"",""45 to 49"",""Females"",""100"",""210,611"",""47.48"",""--"",""1,813"""
"Unintentional,""2023"",""50 to 54"",""Males"",""303"",""217,371"",""139.39"",""--"",""3,925"""
"Unintentional,""2023"",""50 to 54"",""Females"",""111"",""218,820"",""50.73"",""--"",""1,430"""
"Unintentional,""2023"",""55 to 59"",""Males"",""331"",""209,587"",""157.93"",""--"",""2,594"""
"Unintentional,""2023"",""55 to 59"",""Females"",""105"",""217,192"",""48.34"",""--"",""848"""
"Unintentional,""2023"",""60 to 64"",""Males"",""339"",""218,673"",""155.03"",""--"",""1,023"""
"Unintentional,""2023"",""60 to 64"",""Females"",""120"",""234,126"",""51.25"",""--"",""365"""
"Unintentional,""2023"",""65 to 69"",""Males"",""256"",""202,320"",""126.53"",""--"",""0"""
"Unintentional,""2023"",""65 to 69"",""Females"",""103"",""227,553"",""45.26"",""--"",""0"""
"Unintentional,""2023"",""70 to 74"",""Males"",""252"",""173,713"",""145.07"",""--"",""0"""
"Unintentional,""2023"",""70 to 74"",""Females"",""125"",""201,350"",""62.08"",""--"",""0"""
"Unintentional,""2023"",""75 to 79"",""Males"",""165"",""138,340"",""119.27"",""--"",""0"""
"Unintentional,""2023"",""75 to 79"",""Females"",""138"",""158,362"",""87.14"",""--"",""0"""
"Unintentional,""2023"",""80 to 84"",""Males"",""209"",""84,358"",""247.75"",""--"",""0"""
"Unintentional,""2023"",""80 to 84"",""Females"",""159"",""99,398"",""159.96"",""--"",""0"""
"Unintentional,""2023"",""85+"",""Males"",""301"",""64,140"",""469.29"",""--"",""0"""
"Unintentional,""2023"",""85+"",""Females"",""354"",""84,985"",""416.54"",""--"",""0"""
"Unintentional,""2022"",""0 to 4"",""Males"",""44"",""202,080"",""21.77"",""--"",""2,800"""
"Unintentional,""2022"",""0 to 4"",""Females"",""25"",""193,928"",""12.89"",""--"",""1,598"""
"Unintentional,""2022"",""5 to 9"",""Males"",""10**"",""224,935"",""4.45**"",""--"",""589"""
"Unintentional,""2022"",""5 to 9"",""Females"",""--"",""215,504"",""--"",""--"",""--"""
"Unintentional,""2022"",""10 to 14"",""Males"",""14**"",""237,610"",""5.89**"",""--"",""732"""
"Unintentional,""2022"",""10 to 14"",""Females"",""11**"",""227,292"",""4.84**"",""--"",""577"""
"Unintentional,""2022"",""15 to 19"",""Males"",""103"",""251,076"",""41.02"",""--"",""4,863"""
"Unintentional,""2022"",""15 to 19"",""Females"",""41"",""237,829"",""17.24"",""--"",""1,939"""
"Unintentional,""2022"",""20 to 24"",""Males"",""211"",""257,155"",""82.05"",""--"",""9,037"""
"Unintentional,""2022"",""20 to 24"",""Females"",""62"",""241,970"",""25.62"",""--"",""2,677"""
"Unintentional,""2022"",""25 to 29"",""Males"",""309"",""261,684"",""118.08"",""--"",""11,665"""
"Unintentional,""2022"",""25 to 29"",""Females"",""96"",""243,917"",""39.36"",""--"",""3,632"""
"Unintentional,""2022"",""30 to 34"",""Males"",""379"",""263,709"",""143.72"",""--"",""12,529"""
"Unintentional,""2022"",""30 to 34"",""Females"",""135"",""247,826"",""54.47"",""--"",""4,498"""
"Unintentional,""2022"",""35 to 39"",""Males"",""406"",""244,550"",""166.02"",""--"",""11,388"""
"Unintentional,""2022"",""35 to 39"",""Females"",""119"",""229,345"",""51.89"",""--"",""3,324"""
"Unintentional,""2022"",""40 to 44"",""Males"",""339"",""231,833"",""146.23"",""--"",""7,800"""
"Unintentional,""2022"",""40 to 44"",""Females"",""90"",""223,985"",""40.18"",""--"",""2,065"""
"Unintentional,""2022"",""45 to 49"",""Males"",""312"",""210,329"",""148.34"",""--"",""5,618"""
"Unintentional,""2022"",""45 to 49"",""Females"",""63"",""208,994"",""30.14"",""--"",""1,143"""
"Unintentional,""2022"",""50 to 54"",""Males"",""316"",""217,356"",""145.38"",""--"",""4,130"""
"Unintentional,""2022"",""50 to 54"",""Females"",""90"",""218,221"",""41.24"",""--"",""1,164"""
"Unintentional,""2022"",""55 to 59"",""Males"",""332"",""211,883"",""156.69"",""--"",""2,655"""
"Unintentional,""2022"",""55 to 59"",""Females"",""120"",""220,341"",""54.46"",""--"",""978"""
"Unintentional,""2022"",""60 to 64"",""Males"",""318"",""217,501"",""146.21"",""--"",""934"""
"Unintentional,""2022"",""60 to 64"",""Females"",""131"",""233,666"",""56.06"",""--"",""413"""
"Unintentional,""2022"",""65 to 69"",""Males"",""225"",""198,297"",""113.47"",""--"",""0"""
"Unintentional,""2022"",""65 to 69"",""Females"",""117"",""223,871"",""52.26"",""--"",""0"""
"Unintentional,""2022"",""70 to 74"",""Males"",""196"",""172,953"",""113.33"",""--"",""0"""
"Unintentional,""2022"",""70 to 74"",""Females"",""111"",""198,885"",""55.81"",""--"",""0"""
"Unintentional,""2022"",""75 to 79"",""Males"",""184"",""133,042"",""138.30"",""--"",""0"""
"Unintentional,""2022"",""75 to 79"",""Females"",""123"",""151,118"",""81.39"",""--"",""0"""
"Unintentional,""2022"",""80 to 84"",""Males"",""167"",""78,392"",""213.03"",""--"",""0"""
"Unintentional,""2022"",""80 to 84"",""Females"",""127"",""92,190"",""137.76"",""--"",""0"""
"Unintentional,""2022"",""85+"",""Males"",""257"",""60,517"",""424.67"",""--"",""0"""
"Unintentional,""2022"",""85+"",""Females"",""339"",""81,900"",""413.92"",""--"",""0"""
"Unintentional,""2021"",""0 to 4"",""Males"",""36"",""202,601"",""17.77"",""--"",""2,294"""
"Unintentional,""2021"",""0 to 4"",""Females"",""37"",""194,783"",""19.00"",""--"",""2,351"""
"Unintentional,""2021"",""5 to 9"",""Males"",""10**"",""225,260"",""4.44**"",""--"",""581"""
"Unintentional,""2021"",""5 to 9"",""Females"",""11**"",""215,472"",""5.11**"",""--"",""639"""
"Unintentional,""2021"",""10 to 14"",""Males"",""17**"",""241,435"",""7.04**"",""--"",""894"""
"Unintentional,""2021"",""10 to 14"",""Females"",""12**"",""230,872"",""5.20**"",""--"",""632"""
"Unintentional,""2021"",""15 to 19"",""Males"",""133"",""243,262"",""54.67"",""--"",""6,315"""
"Unintentional,""2021"",""15 to 19"",""Females"",""47"",""229,936"",""20.44"",""--"",""2,228"""
"Unintentional,""2021"",""20 to 24"",""Males"",""256"",""252,146"",""101.53"",""--"",""10,970"""
"Unintentional,""2021"",""20 to 24"",""Females"",""108"",""236,691"",""45.63"",""--"",""4,616"""
"Unintentional,""2021"",""25 to 29"",""Males"",""354"",""259,657"",""136.33"",""--"",""13,336"""
"Unintentional,""2021"",""25 to 29"",""Females"",""113"",""241,898"",""46.71"",""--"",""4,279"""
"Unintentional,""2021"",""30 to 34"",""Males"",""418"",""257,323"",""162.44"",""--"",""13,825"""
"Unintentional,""2021"",""30 to 34"",""Females"",""116"",""240,373"",""48.26"",""--"",""3,831"""
"Unintentional,""2021"",""35 to 39"",""Males"",""378"",""241,963"",""156.22"",""--"",""10,625"""
"Unintentional,""2021"",""35 to 39"",""Females"",""129"",""227,373"",""56.74"",""--"",""3,643"""
"Unintentional,""2021"",""40 to 44"",""Males"",""312"",""226,049"",""138.02"",""--"",""7,176"""
"Unintentional,""2021"",""40 to 44"",""Females"",""114"",""218,700"",""52.13"",""--"",""2,642"""
"Unintentional,""2021"",""45 to 49"",""Males"",""254"",""210,099"",""120.90"",""--"",""4,586"""
"Unintentional,""2021"",""45 to 49"",""Females"",""91"",""208,465"",""43.65"",""--"",""1,636"""
"Unintentional,""2021"",""50 to 54"",""Males"",""316"",""215,318"",""146.76"",""--"",""4,105"""
"Unintentional,""2021"",""50 to 54"",""Females"",""123"",""215,251"",""57.14"",""--"",""1,592"""
"Unintentional,""2021"",""55 to 59"",""Males"",""296"",""215,129"",""137.59"",""--"",""2,380"""
"Unintentional,""2021"",""55 to 59"",""Females"",""136"",""223,499"",""60.85"",""--"",""1,057"""
"Unintentional,""2021"",""60 to 64"",""Males"",""291"",""214,782"",""135.49"",""--"",""886"""
"Unintentional,""2021"",""60 to 64"",""Females"",""109"",""232,270"",""46.93"",""--"",""326"""
"Unintentional,""2021"",""65 to 69"",""Males"",""225"",""193,654"",""116.19"",""--"",""0"""
"Unintentional,""2021"",""65 to 69"",""Females"",""83"",""219,101"",""37.88"",""--"",""0"""
"Unintentional,""2021"",""70 to 74"",""Males"",""160"",""177,237"",""90.28"",""--"",""0"""
"Unintentional,""2021"",""70 to 74"",""Females"",""102"",""200,244"",""50.94"",""--"",""0"""
"Unintentional,""2021"",""75 to 79"",""Males"",""154"",""121,258"",""127.00"",""--"",""0"""
"Unintentional,""2021"",""75 to 79"",""Females"",""124"",""138,070"",""89.81"",""--"",""0"""
"Unintentional,""2021"",""80 to 84"",""Males"",""141"",""75,231"",""187.42"",""--"",""0"""
"Unintentional,""2021"",""80 to 84"",""Females"",""132"",""87,616"",""150.66"",""--"",""0"""
"Unintentional,""2021"",""85+"",""Males"",""274"",""58,688"",""466.88"",""--"",""0"""
"Unintentional,""2021"",""85+"",""Females"",""348"",""80,781"",""430.79"",""--"",""0"""
"Unintentional,""2020"",""0 to 4"",""Males"",""32"",""206,040"",""15.53"",""--"",""2,038"""
"Unintentional,""2020"",""0 to 4"",""Females"",""20**"",""197,456"",""10.13**"",""--"",""1,268"""
"Unintentional,""2020"",""5 to 9"",""Males"",""13**"",""224,138"",""5.80**"",""--"",""751"""
"Unintentional,""2020"",""5 to 9"",""Females"",""--"",""214,736"",""--"",""--"",""--"""
"Unintentional,""2020"",""10 to 14"",""Males"",""10**"",""243,583"",""4.11**"",""--"",""526"""
"Unintentional,""2020"",""10 to 14"",""Females"",""13**"",""232,926"",""5.58**"",""--"",""685"""
"Unintentional,""2020"",""15 to 19"",""Males"",""141"",""242,690"",""58.10"",""--"",""6,708"""
"Unintentional,""2020"",""15 to 19"",""Females"",""44"",""230,219"",""19.11"",""--"",""2,091"""
"Unintentional,""2020"",""20 to 24"",""Males"",""301"",""249,270"",""120.75"",""--"",""12,898"""
"Unintentional,""2020"",""20 to 24"",""Females"",""78"",""233,315"",""33.43"",""--"",""3,350"""
"Unintentional,""2020"",""25 to 29"",""Males"",""348"",""258,627"",""134.56"",""--"",""13,195"""
"Unintentional,""2020"",""25 to 29"",""Females"",""109"",""240,805"",""45.27"",""--"",""4,135"""
"Unintentional,""2020"",""30 to 34"",""Males"",""350"",""249,591"",""140.23"",""--"",""11,558"""
"Unintentional,""2020"",""30 to 34"",""Females"",""120"",""232,534"",""51.61"",""--"",""3,971"""
"Unintentional,""2020"",""35 to 39"",""Males"",""317"",""238,354"",""133.00"",""--"",""8,894"""
"Unintentional,""2020"",""35 to 39"",""Females"",""116"",""224,491"",""51.67"",""--"",""3,283"""
"Unintentional,""2020"",""40 to 44"",""Males"",""249"",""219,479"",""113.45"",""--"",""5,763"""
"Unintentional,""2020"",""40 to 44"",""Females"",""94"",""212,549"",""44.23"",""--"",""2,174"""
"Unintentional,""2020"",""45 to 49"",""Males"",""242"",""213,312"",""113.45"",""--"",""4,323"""
"Unintentional,""2020"",""45 to 49"",""Females"",""83"",""210,619"",""39.41"",""--"",""1,488"""
"Unintentional,""2020"",""50 to 54"",""Males"",""276"",""210,008"",""131.42"",""--"",""3,604"""
"Unintentional,""2020"",""50 to 54"",""Females"",""104"",""209,634"",""49.61"",""--"",""1,350"""
"Unintentional,""2020"",""55 to 59"",""Males"",""288"",""217,440"",""132.45"",""--"",""2,274"""
"Unintentional,""2020"",""55 to 59"",""Females"",""119"",""225,647"",""52.74"",""--"",""912"""
"Unintentional,""2020"",""60 to 64"",""Males"",""261"",""209,681"",""124.48"",""--"",""785"""
"Unintentional,""2020"",""60 to 64"",""Females"",""107"",""227,980"",""46.93"",""--"",""365"""
"Unintentional,""2020"",""65 to 69"",""Males"",""181"",""189,583"",""95.47"",""--"",""0"""
"Unintentional,""2020"",""65 to 69"",""Females"",""78"",""214,656"",""36.34"",""--"",""0"""
"Unintentional,""2020"",""70 to 74"",""Males"",""147"",""170,973"",""85.98"",""--"",""0"""
"Unintentional,""2020"",""70 to 74"",""Females"",""72"",""191,180"",""37.66"",""--"",""0"""
"Unintentional,""2020"",""75 to 79"",""Males"",""133"",""118,274"",""112.45"",""--"",""0"""
"Unintentional,""2020"",""75 to 79"",""Females"",""108"",""133,688"",""80.79"",""--"",""0"""
"Unintentional,""2020"",""80 to 84"",""Males"",""143"",""72,644"",""196.85"",""--"",""0"""
"Unintentional,""2020"",""80 to 84"",""Females"",""115"",""83,743"",""137.33"",""--"",""0"""
"Unintentional,""2020"",""85+"",""Males"",""255"",""56,791"",""449.02"",""--"",""0"""
"Unintentional,""2020"",""85+"",""Females"",""324"",""80,027"",""404.86"",""--"",""0"""
"Unintentional,""2019"",""0 to 4"",""Males"",""24"",""218,959"",""10.96"",""--"",""1,533"""
"Unintentional,""2019"",""0 to 4"",""Females"",""22"",""210,151"",""10.47"",""--"",""1,397"""
"Unintentional,""2019"",""5 to 9"",""Males"",""--"",""231,541"",""--"",""--"",""--"""
"Unintentional,""2019"",""5 to 9"",""Females"",""--"",""222,477"",""--"",""--"",""--"""
"Unintentional,""2019"",""10 to 14"",""Males"",""13**"",""243,657"",""5.34**"",""--"",""679"""
"Unintentional,""2019"",""10 to 14"",""Females"",""--"",""234,567"",""--"",""--"",""--"""
"Unintentional,""2019"",""15 to 19"",""Males"",""103"",""245,440"",""41.97"",""--"",""4,873"""
"Unintentional,""2019"",""15 to 19"",""Females"",""42"",""234,125"",""17.94"",""--"",""1,993"""
"Unintentional,""2019"",""20 to 24"",""Males"",""230"",""257,034"",""89.48"",""--"",""9,879"""
"Unintentional,""2019"",""20 to 24"",""Females"",""75"",""239,926"",""31.26"",""--"",""3,208"""
"Unintentional,""2019"",""25 to 29"",""Males"",""250"",""274,139"",""91.20"",""--"",""9,487"""
"Unintentional,""2019"",""25 to 29"",""Females"",""75"",""253,106"",""29.63"",""--"",""2,835"""
"Unintentional,""2019"",""30 to 34"",""Males"",""215"",""249,827"",""86.06"",""--"",""7,142"""
"Unintentional,""2019"",""30 to 34"",""Females"",""70"",""232,649"",""30.09"",""--"",""2,299"""
"Unintentional,""2019"",""35 to 39"",""Males"",""263"",""238,495"",""110.28"",""--"",""7,430"""
"Unintentional,""2019"",""35 to 39"",""Females"",""84"",""229,018"",""36.68"",""--"",""2,359"""
"Unintentional,""2019"",""40 to 44"",""Males"",""196"",""215,569"",""90.92"",""--"",""4,524"""
"Unintentional,""2019"",""40 to 44"",""Females"",""67"",""213,403"",""31.40"",""--"",""1,547"""
"Unintentional,""2019"",""45 to 49"",""Males"",""194"",""215,421"",""90.06"",""--"",""3,459"""
"Unintentional,""2019"",""45 to 49"",""Females"",""81"",""217,630"",""37.22"",""--"",""1,439"""
"Unintentional,""2019"",""50 to 54"",""Males"",""226"",""206,772"",""109.30"",""--"",""2,949"""
"Unintentional,""2019"",""50 to 54"",""Females"",""76"",""211,827"",""35.88"",""--"",""984"""
"Unintentional,""2019"",""55 to 59"",""Males"",""256"",""216,293"",""118.36"",""--"",""2,048"""
"Unintentional,""2019"",""55 to 59"",""Females"",""99"",""230,465"",""42.96"",""--"",""772"""
"Unintentional,""2019"",""60 to 64"",""Males"",""217"",""204,086"",""106.33"",""--"",""659"""
"Unintentional,""2019"",""60 to 64"",""Females"",""89"",""229,478"",""38.78"",""--"",""270"""
"Unintentional,""2019"",""65 to 69"",""Males"",""170"",""184,808"",""91.99"",""--"",""0"""
"Unintentional,""2019"",""65 to 69"",""Females"",""62"",""214,430"",""28.91"",""--"",""0"""
"Unintentional,""2019"",""70 to 74"",""Males"",""131"",""166,440"",""78.71"",""--"",""0"""
"Unintentional,""2019"",""70 to 74"",""Females"",""68"",""188,636"",""36.05"",""--"",""0"""
"Unintentional,""2019"",""75 to 79"",""Males"",""147"",""118,458"",""124.10"",""--"",""0"""
"Unintentional,""2019"",""75 to 79"",""Females"",""97"",""135,655"",""71.51"",""--"",""0"""
"Unintentional,""2019"",""80 to 84"",""Males"",""159"",""74,207"",""214.27"",""--"",""0"""
"Unintentional,""2019"",""80 to 84"",""Females"",""112"",""85,411"",""131.13"",""--"",""0"""
"Unintentional,""2019"",""85+"",""Males"",""262"",""61,656"",""424.94"",""--"",""0"""
"Unintentional,""2019"",""85+"",""Females"",""361"",""86,087"",""419.34"",""--"",""0"""
"Unintentional,""2018"",""0 to 4"",""Males"",""40"",""220,397"",""18.15"",""--"",""2,533"""
"Unintentional,""2018"",""0 to 4"",""Females"",""14**"",""211,888"",""6.61**"",""--"",""893"""
"Unintentional,""2018"",""5 to 9"",""Males"",""10**"",""229,945"",""4.35**"",""--"",""589"""
"Unintentional,""2018"",""5 to 9"",""Females"",""--"",""221,358"",""--"",""--"",""--"""
"Unintentional,""2018"",""10 to 14"",""Males"",""12**"",""242,809"",""4.94**"",""--"",""632"""
"Unintentional,""2018"",""10 to 14"",""Females"",""--"",""233,681"",""--"",""--"",""--"""
"Unintentional,""2018"",""15 to 19"",""Males"",""78"",""242,386"",""32.18"",""--"",""3,692"""
"Unintentional,""2018"",""15 to 19"",""Females"",""48"",""231,555"",""20.73"",""--"",""2,276"""
"Unintentional,""2018"",""20 to 24"",""Males"",""203"",""256,027"",""79.29"",""--"",""8,753"""
"Unintentional,""2018"",""20 to 24"",""Females"",""64"",""236,402"",""27.07"",""--"",""2,754"""
"Unintentional,""2018"",""25 to 29"",""Males"",""235"",""268,889"",""87.40"",""--"",""8,934"""
"Unintentional,""2018"",""25 to 29"",""Females"",""71"",""248,869"",""28.53"",""--"",""2,713"""
"Unintentional,""2018"",""30 to 34"",""Males"",""217"",""242,040"",""89.66"",""--"",""7,157"""
"Unintentional,""2018"",""30 to 34"",""Females"",""72"",""225,892"",""31.87"",""--"",""2,355"""
"Unintentional,""2018"",""35 to 39"",""Males"",""223"",""233,543"",""95.49"",""--"",""6,279"""
"Unintentional,""2018"",""35 to 39"",""Females"",""79"",""224,917"",""35.12"",""--"",""2,218"""
"Unintentional,""2018"",""40 to 44"",""Males"",""160"",""211,453"",""75.67"",""--"",""3,688"""
"Unintentional,""2018"",""40 to 44"",""Females"",""61"",""209,774"",""29.08"",""--"",""1,409"""
"Unintentional,""2018"",""45 to 49"",""Males"",""173"",""214,908"",""80.50"",""--"",""3,120"""
"Unintentional,""2018"",""45 to 49"",""Females"",""81"",""216,204"",""37.47"",""--"",""1,443"""
"Unintentional,""2018"",""50 to 54"",""Males"",""207"",""205,773"",""100.60"",""--"",""2,645"""
"Unintentional,""2018"",""50 to 54"",""Females"",""78"",""212,183"",""36.76"",""--"",""996"""
"Unintentional,""2018"",""55 to 59"",""Males"",""219"",""213,445"",""102.60"",""--"",""1,782"""
"Unintentional,""2018"",""55 to 59"",""Females"",""97"",""227,767"",""42.59"",""--"",""766"""
"Unintentional,""2018"",""60 to 64"",""Males"",""200"",""198,721"",""100.64"",""--"",""642"""
"Unintentional,""2018"",""60 to 64"",""Females"",""73"",""224,349"",""32.54"",""--"",""238"""
"Unintentional,""2018"",""65 to 69"",""Males"",""171"",""180,737"",""94.61"",""--"",""0"""
"Unintentional,""2018"",""65 to 69"",""Females"",""65"",""208,318"",""31.20"",""--"",""0"""
"Unintentional,""2018"",""70 to 74"",""Males"",""150"",""158,201"",""94.82"",""--"",""0"""
"Unintentional,""2018"",""70 to 74"",""Females"",""80"",""178,478"",""44.82"",""--"",""0"""
"Unintentional,""2018"",""75 to 79"",""Males"",""128"",""111,602"",""114.69"",""--"",""0"""
"Unintentional,""2018"",""75 to 79"",""Females"",""79"",""127,735"",""61.85"",""--"",""0"""
"Unintentional,""2018"",""80 to 84"",""Males"",""128"",""70,050"",""182.73"",""--"",""0"""
"Unintentional,""2018"",""80 to 84"",""Females"",""106"",""80,665"",""131.41"",""--"",""0"""
"Unintentional,""2018"",""85+"",""Males"",""241"",""59,243"",""406.80"",""--"",""0"""
"Unintentional,""2018"",""85+"",""Females"",""375"",""84,024"",""446.30"",""--"",""0"""
"Homicide,""2023"",""0 to 4"",""Males"",""--"",""201,052"",""--"",""--"",""--"""
"Homicide,""2023"",""0 to 4"",""Females"",""--"",""192,479"",""--"",""--"",""--"""
"Homicide,""2023"",""5 to 9"",""Males"",""--"",""222,723"",""--"",""--"",""--"""
"Homicide,""2023"",""5 to 9"",""Females"",""--"",""213,276"",""--"",""--"",""--"""
"Homicide,""2023"",""10 to 14"",""Males"",""--"",""232,741"",""--"",""--"",""--"""
"Homicide,""2023"",""10 to 14"",""Females"",""--"",""223,348"",""--"",""--"",""--"""
"Homicide,""2023"",""15 to 19"",""Males"",""59"",""255,240"",""23.12"",""--"",""2,811"""
"Homicide,""2023"",""15 to 19"",""Females"",""11**"",""241,446"",""4.56**"",""--"",""525"""
"Homicide,""2023"",""20 to 24"",""Males"",""46"",""260,351"",""17.67"",""--"",""1,976"""
"Homicide,""2023"",""20 to 24"",""Females"",""--"",""244,777"",""--"",""--"",""--"""
"Homicide,""2023"",""25 to 29"",""Males"",""43"",""262,910"",""16.36"",""--"",""1,627"""
"Homicide,""2023"",""25 to 29"",""Females"",""10**"",""245,200"",""4.08**"",""--"",""382"""
"Homicide,""2023"",""30 to 34"",""Males"",""67"",""267,887"",""25.01"",""--"",""2,235"""
"Homicide,""2023"",""30 to 34"",""Females"",""12**"",""251,032"",""4.78**"",""--"",""397"""
"Homicide,""2023"",""35 to 39"",""Males"",""42"",""247,289"",""16.98"",""--"",""1,189"""
"Homicide,""2023"",""35 to 39"",""Females"",""15**"",""231,656"",""6.48**"",""--"",""425"""
"Homicide,""2023"",""40 to 44"",""Males"",""49"",""236,928"",""20.68"",""--"",""1,140"""
"Homicide,""2023"",""40 to 44"",""Females"",""10**"",""228,004"",""4.39**"",""--"",""230"""
"Homicide,""2023"",""45 to 49"",""Males"",""24"",""212,106"",""11.32"",""--"",""426"""
"Homicide,""2023"",""45 to 49"",""Females"",""12**"",""210,611"",""5.70**"",""--"",""218"""
"Homicide,""2023"",""50 to 54"",""Males"",""24"",""217,371"",""11.04"",""--"",""314"""
"Homicide,""2023"",""50 to 54"",""Females"",""--"",""218,820"",""--"",""--"",""--"""
"Homicide,""2023"",""55 to 59"",""Males"",""22"",""209,587"",""10.50"",""--"",""171"""
"Homicide,""2023"",""55 to 59"",""Females"",""--"",""217,192"",""--"",""--"",""--"""
"Homicide,""2023"",""60 to 64"",""Males"",""17**"",""218,673"",""7.77**"",""--"",""62"""
"Homicide,""2023"",""60 to 64"",""Females"",""--"",""234,126"",""--"",""--"",""--"""
"Homicide,""2023"",""65 to 69"",""Males"",""--"",""202,320"",""--"",""--"",""--"""
"Homicide,""2023"",""65 to 69"",""Females"",""--"",""227,553"",""--"",""--"",""--"""
"Homicide,""2023"",""70 to 74"",""Males"",""--"",""173,713"",""--"",""--"",""--"""
"Homicide,""2023"",""70 to 74"",""Females"",""--"",""201,350"",""--"",""--"",""--"""
"Homicide,""2023"",""75 to 79"",""Males"",""--"",""138,340"",""--"",""--"",""--"""
"Homicide,""2023"",""75 to 79"",""Females"",""--"",""158,362"",""--"",""--"",""--"""
"Homicide,""2023"",""80 to 84"",""Males"",""--"",""84,358"",""--"",""--"",""--"""
"Homicide,""2023"",""80 to 84"",""Females"",""--"",""99,398"",""--"",""--"",""--"""
"Homicide,""2023"",""85+"",""Males"",""--"",""64,140"",""--"",""--"",""--"""
"Homicide,""2023"",""85+"",""Females"",""--"",""84,985"",""--"",""--"",""--"""
"Homicide,""2022"",""0 to 4"",""Males"",""--"",""202,080"",""--"",""--"",""--"""
"Homicide,""2022"",""0 to 4"",""Females"",""--"",""193,928"",""--"",""--"",""--"""
"Homicide,""2022"",""5 to 9"",""Males"",""--"",""224,935"",""--"",""--"",""--"""
"Homicide,""2022"",""5 to 9"",""Females"",""--"",""215,504"",""--"",""--"",""--"""
"Homicide,""2022"",""10 to 14"",""Males"",""--"",""237,610"",""--"",""--"",""--"""
"Homicide,""2022"",""10 to 14"",""Females"",""--"",""227,292"",""--"",""--"",""--"""
"Homicide,""2022"",""15 to 19"",""Males"",""55"",""251,076"",""21.91"",""--"",""2,613"""
"Homicide,""2022"",""15 to 19"",""Females"",""16**"",""237,829"",""6.73**"",""--"",""755"""
"Homicide,""2022"",""20 to 24"",""Males"",""65"",""257,155"",""25.28"",""--"",""2,807"""
"Homicide,""2022"",""20 to 24"",""Females"",""--"",""241,970"",""--"",""--"",""--"""
"Homicide,""2022"",""25 to 29"",""Males"",""62"",""261,684"",""23.69"",""--"",""2,363"""
"Homicide,""2022"",""25 to 29"",""Females"",""13**"",""243,917"",""5.33**"",""--"",""485"""
"Homicide,""2022"",""30 to 34"",""Males"",""65"",""263,709"",""24.65"",""--"",""2,153"""
"Homicide,""2022"",""30 to 34"",""Females"",""10**"",""247,826"",""4.04**"",""--"",""334"""
"Homicide,""2022"",""35 to 39"",""Males"",""60"",""244,550"",""24.54"",""--"",""1,671"""
"Homicide,""2022"",""35 to 39"",""Females"",""16**"",""229,345"",""6.98**"",""--"",""447"""
"Homicide,""2022"",""40 to 44"",""Males"",""52"",""231,833"",""22.43"",""--"",""1,191"""
"Homicide,""2022"",""40 to 44"",""Females"",""17**"",""223,985"",""7.59**"",""--"",""390"""
"Homicide,""2022"",""45 to 49"",""Males"",""46"",""210,329"",""21.87"",""--"",""825"""
"Homicide,""2022"",""45 to 49"",""Females"",""--"",""208,994"",""--"",""--"",""--"""
"Homicide,""2022"",""50 to 54"",""Males"",""32"",""217,356"",""14.72"",""--"",""429"""
"Homicide,""2022"",""50 to 54"",""Females"",""--"",""218,221"",""--"",""--"",""--"""
"Homicide,""2022"",""55 to 59"",""Males"",""21"",""211,883"",""9.91"",""--"",""164"""
"Homicide,""2022"",""55 to 59"",""Females"",""--"",""220,341"",""--"",""--"",""--"""
"Homicide,""2022"",""60 to 64"",""Males"",""14**"",""217,501"",""6.44**"",""--"",""46"""
"Homicide,""2022"",""60 to 64"",""Females"",""--"",""233,666"",""--"",""--"",""--"""
"Homicide,""2022"",""65 to 69"",""Males"",""--"",""198,297"",""--"",""--"",""--"""
"Homicide,""2022"",""65 to 69"",""Females"",""--"",""223,871"",""--"",""--"",""--"""
"Homicide,""2022"",""70 to 74"",""Males"",""--"",""172,953"",""--"",""--"",""--"""
"Homicide,""2022"",""70 to 74"",""Females"",""--"",""198,885"",""--"",""--"",""--"""
"Homicide,""2022"",""75 to 79"",""Males"",""--"",""133,042"",""--"",""--"",""--"""
"Homicide,""2022"",""75 to 79"",""Females"",""--"",""151,118"",""--"",""--"",""--"""
"Homicide,""2022"",""80 to 84"",""Males"",""--"",""78,392"",""--"",""--"",""--"""
"Homicide,""2022"",""80 to 84"",""Females"",""--"",""92,190"",""--"",""--"",""--"""
"Homicide,""2022"",""85+"",""Males"",""--"",""60,517"",""--"",""--"",""--"""
"Homicide,""2022"",""85+"",""Females"",""--"",""81,900"",""--"",""--"",""--"""
"Homicide,""2021"",""0 to 4"",""Males"",""--"",""202,601"",""--"",""--"",""--"""
"Homicide,""2021"",""0 to 4"",""Females"",""--"",""194,783"",""--"",""--"",""--"""
"Homicide,""2021"",""5 to 9"",""Males"",""--"",""225,260"",""--"",""--"",""--"""
"Homicide,""2021"",""5 to 9"",""Females"",""--"",""215,472"",""--"",""--"",""--"""
"Homicide,""2021"",""10 to 14"",""Males"",""--"",""241,435"",""--"",""--"",""--"""
"Homicide,""2021"",""15 to 19"",""Males"",""57"",""243,262"",""23.43"",""--"",""2,701"""
"Homicide,""2021"",""15 to 19"",""Females"",""--"",""229,936"",""--"",""--"",""--"""
"Homicide,""2021"",""20 to 24"",""Males"",""62"",""252,146"",""24.59"",""--"",""2,669"""
"Homicide,""2021"",""20 to 24"",""Females"",""13**"",""236,691"",""5.49**"",""--"",""562"""
"Homicide,""2021"",""25 to 29"",""Males"",""65"",""259,657"",""25.03"",""--"",""2,455"""
"Homicide,""2021"",""25 to 29"",""Females"",""16**"",""241,898"",""6.61**"",""--"",""601"""
"Homicide,""2021"",""30 to 34"",""Males"",""67"",""257,323"",""26.04"",""--"",""2,233"""
"Homicide,""2021"",""30 to 34"",""Females"",""14**"",""240,373"",""5.82**"",""--"",""455"""
"Homicide,""2021"",""35 to 39"",""Males"",""52"",""241,963"",""21.49"",""--"",""1,459"""
"Homicide,""2021"",""35 to 39"",""Females"",""11**"",""227,373"",""4.84**"",""--"",""301"""
"Homicide,""2021"",""40 to 44"",""Males"",""40"",""226,049"",""17.70"",""--"",""935"""
"Homicide,""2021"",""40 to 44"",""Females"",""--"",""218,700"",""--"",""--"",""--"""
"Homicide,""2021"",""45 to 49"",""Males"",""29"",""210,099"",""13.80"",""--"",""528"""
"Homicide,""2021"",""45 to 49"",""Females"",""--"",""208,465"",""--"",""--"",""--"""
"Homicide,""2021"",""50 to 54"",""Males"",""27"",""215,318"",""12.54"",""--"",""357"""
"Homicide,""2021"",""50 to 54"",""Females"",""--"",""215,251"",""--"",""--"",""--"""
"Homicide,""2021"",""55 to 59"",""Males"",""16**"",""215,129"",""7.44**"",""--"",""134"""
"Homicide,""2021"",""55 to 59"",""Females"",""--"",""223,499"",""--"",""--"",""--"""
"Homicide,""2021"",""60 to 64"",""Males"",""15**"",""214,782"",""6.98**"",""--"",""51"""
"Homicide,""2021"",""60 to 64"",""Females"",""--"",""232,270"",""--"",""--"",""--"""
"Homicide,""2021"",""65 to 69"",""Males"",""10**"",""193,654"",""5.16**"",""--"",""0"""
"Homicide,""2021"",""65 to 69"",""Females"",""--"",""219,101"",""--"",""--"",""--"""
"Homicide,""2021"",""70 to 74"",""Males"",""--"",""177,237"",""--"",""--"",""--"""
"Homicide,""2021"",""70 to 74"",""Females"",""--"",""200,244"",""--"",""--"",""--"""
"Homicide,""2021"",""75 to 79"",""Males"",""--"",""121,258"",""--"",""--"",""--"""
"Homicide,""2021"",""80 to 84"",""Males"",""--"",""75,231"",""--"",""--"",""--"""
"Homicide,""2021"",""80 to 84"",""Females"",""--"",""87,616"",""--"",""--"",""--"""
"Homicide,""2021"",""85+"",""Males"",""--"",""58,688"",""--"",""--"",""--"""
"Homicide,""2021"",""85+"",""Females"",""--"",""80,781"",""--"",""--"",""--"""
"Homicide,""2020"",""0 to 4"",""Males"",""--"",""206,040"",""--"",""--"",""--"""
"Homicide,""2020"",""0 to 4"",""Females"",""--"",""197,456"",""--"",""--"",""--"""
"Homicide,""2020"",""5 to 9"",""Males"",""--"",""224,138"",""--"",""--"",""--"""
"Homicide,""2020"",""5 to 9"",""Females"",""--"",""214,736"",""--"",""--"",""--"""
"Homicide,""2020"",""10 to 14"",""Males"",""--"",""243,583"",""--"",""--"",""--"""
"Homicide,""2020"",""10 to 14"",""Females"",""--"",""232,926"",""--"",""--"",""--"""
"Homicide,""2020"",""15 to 19"",""Males"",""41"",""242,690"",""16.89"",""--"",""1,958"""
"Homicide,""2020"",""15 to 19"",""Females"",""--"",""230,219"",""--"",""--"",""--"""
"Homicide,""2020"",""20 to 24"",""Males"",""48"",""249,270"",""19.26"",""--"",""2,073"""
"Homicide,""2020"",""20 to 24"",""Females"",""--"",""233,315"",""--"",""--"",""--"""
"Homicide,""2020"",""25 to 29"",""Males"",""53"",""258,627"",""20.49"",""--"",""2,000"""
"Homicide,""2020"",""25 to 29"",""Females"",""15**"",""240,805"",""6.23**"",""--"",""562"""
"Homicide,""2020"",""30 to 34"",""Males"",""59"",""249,591"",""23.64"",""--"",""1,977"""
"Homicide,""2020"",""30 to 34"",""Females"",""15**"",""232,534"",""6.45**"",""--"",""486"""
"Homicide,""2020"",""35 to 39"",""Males"",""57"",""238,354"",""23.91"",""--"",""1,608"""
"Homicide,""2020"",""35 to 39"",""Females"",""11**"",""224,491"",""4.90**"",""--"",""299"""
"Homicide,""2020"",""40 to 44"",""Males"",""29"",""219,479"",""13.21"",""--"",""672"""
"Homicide,""2020"",""40 to 44"",""Females"",""--"",""212,549"",""--"",""--"",""--"""
"Homicide,""2020"",""45 to 49"",""Males"",""35"",""213,312"",""16.41"",""--"",""621"""
"Homicide,""2020"",""45 to 49"",""Females"",""--"",""210,619"",""--"",""--"",""--"""
"Homicide,""2020"",""50 to 54"",""Males"",""28"",""210,008"",""13.33"",""--"",""370"""
"Homicide,""2020"",""50 to 54"",""Females"",""11**"",""209,634"",""5.25**"",""--"",""144"""
"Homicide,""2020"",""55 to 59"",""Males"",""14**"",""217,440"",""6.44**"",""--"",""114"""
"Homicide,""2020"",""55 to 59"",""Females"",""--"",""225,647"",""--"",""--"",""--"""
"Homicide,""2020"",""60 to 64"",""Males"",""15**"",""209,681"",""7.15**"",""--"",""40"""
"Homicide,""2020"",""60 to 64"",""Females"",""--"",""227,980"",""--"",""--"",""--"""
"Homicide,""2020"",""65 to 69"",""Males"",""12**"",""189,583"",""6.33**"",""--"",""0"""
"Homicide,""2020"",""65 to 69"",""Females"",""--"",""214,656"",""--"",""--"",""--"""
"Homicide,""2020"",""70 to 74"",""Males"",""--"",""170,973"",""--"",""--"",""--"""
"Homicide,""2020"",""70 to 74"",""Females"",""--"",""191,180"",""--"",""--"",""--"""
"Homicide,""2020"",""75 to 79"",""Males"",""--"",""118,274"",""--"",""--"",""--"""
"Homicide,""2020"",""75 to 79"",""Females"",""--"",""133,688"",""--"",""--"",""--"""
"Homicide,""2020"",""80 to 84"",""Males"",""--"",""72,644"",""--"",""--"",""--"""
"Homicide,""2020"",""80 to 84"",""Females"",""--"",""83,743"",""--"",""--"",""--"""
"Homicide,""2020"",""85+"",""Males"",""--"",""56,791"",""--"",""--"",""--"""
"Homicide,""2019"",""0 to 4"",""Males"",""--"",""218,959"",""--"",""--"",""--"""
"Homicide,""2019"",""0 to 4"",""Females"",""--"",""210,151"",""--"",""--"",""--"""
"Homicide,""2019"",""5 to 9"",""Males"",""--"",""231,541"",""--"",""--"",""--"""
"Homicide,""2019"",""5 to 9"",""Females"",""--"",""222,477"",""--"",""--"",""--"""
"Homicide,""2019"",""10 to 14"",""Males"",""--"",""243,657"",""--"",""--"",""--"""
"Homicide,""2019"",""10 to 14"",""Females"",""--"",""234,567"",""--"",""--"",""--"""
"Homicide,""2019"",""15 to 19"",""Males"",""37"",""245,440"",""15.08"",""--"",""1,750"""
"Homicide,""2019"",""15 to 19"",""Females"",""--"",""234,125"",""--"",""--"",""--"""
"Homicide,""2019"",""20 to 24"",""Males"",""42"",""257,034"",""16.34"",""--"",""1,779"""
"Homicide,""2019"",""20 to 24"",""Females"",""--"",""239,926"",""--"",""--"",""--"""
"Homicide,""2019"",""25 to 29"",""Males"",""50"",""274,139"",""18.24"",""--"",""1,909"""
"Homicide,""2019"",""25 to 29"",""Females"",""--"",""253,106"",""--"",""--"",""--"""
"Homicide,""2019"",""30 to 34"",""Males"",""38"",""249,827"",""15.21"",""--"",""1,242"""
"Homicide,""2019"",""30 to 34"",""Females"",""13**"",""232,649"",""5.59**"",""--"",""422"""
"Homicide,""2019"",""35 to 39"",""Males"",""30"",""238,495"",""12.58"",""--"",""837"""
"Homicide,""2019"",""35 to 39"",""Females"",""11**"",""229,018"",""4.80**"",""--"",""306"""
"Homicide,""2019"",""40 to 44"",""Males"",""22"",""215,569"",""10.21"",""--"",""506"""
"Homicide,""2019"",""40 to 44"",""Females"",""--"",""213,403"",""--"",""--"",""--"""
"Homicide,""2019"",""45 to 49"",""Males"",""22"",""215,421"",""10.21"",""--"",""408"""
"Homicide,""2019"",""45 to 49"",""Females"",""--"",""217,630"",""--"",""--"",""--"""
"Homicide,""2019"",""50 to 54"",""Males"",""15**"",""206,772"",""7.25**"",""--"",""194"""
"Homicide,""2019"",""50 to 54"",""Females"",""--"",""211,827"",""--"",""--"",""--"""
"Homicide,""2019"",""55 to 59"",""Males"",""19**"",""216,293"",""8.78**"",""--"",""154"""
"Homicide,""2019"",""55 to 59"",""Females"",""--"",""230,465"",""--"",""--"",""--"""
"Homicide,""2019"",""60 to 64"",""Males"",""11**"",""204,086"",""5.39**"",""--"",""35"""
"Homicide,""2019"",""60 to 64"",""Females"",""--"",""229,478"",""--"",""--"",""--"""
"Homicide,""2019"",""65 to 69"",""Males"",""--"",""184,808"",""--"",""--"",""--"""
"Homicide,""2019"",""65 to 69"",""Females"",""--"",""214,430"",""--"",""--"",""--"""
"Homicide,""2019"",""70 to 74"",""Males"",""--"",""166,440"",""--"",""--"",""--"""
"Homicide,""2019"",""70 to 74"",""Females"",""--"",""188,636"",""--"",""--"",""--"""
"Homicide,""2019"",""75 to 79"",""Males"",""--"",""118,458"",""--"",""--"",""--"""
"Homicide,""2019"",""75 to 79"",""Females"",""--"",""135,655"",""--"",""--"",""--"""
"Homicide,""2019"",""80 to 84"",""Males"",""--"",""74,207"",""--"",""--"",""--"""
"Homicide,""2019"",""80 to 84"",""Females"",""--"",""85,411"",""--"",""--"",""--"""
"Homicide,""2019"",""85+"",""Males"",""--"",""61,656"",""--"",""--"",""--"""
"Homicide,""2019"",""85+"",""Females"",""--"",""86,087"",""--"",""--"",""--"""
"Homicide,""2018"",""0 to 4"",""Males"",""--"",""220,397"",""--"",""--"",""--"""
"Homicide,""2018"",""0 to 4"",""Females"",""--"",""211,888"",""--"",""--"",""--"""
"Homicide,""2018"",""10 to 14"",""Males"",""--"",""242,809"",""--"",""--"",""--"""
"Homicide,""2018"",""10 to 14"",""Females"",""--"",""233,681"",""--"",""--"",""--"""
"Homicide,""2018"",""15 to 19"",""Males"",""21"",""242,386"",""8.66"",""--"",""994"""
"Homicide,""2018"",""15 to 19"",""Females"",""--"",""231,555"",""--"",""--"",""--"""
"Homicide,""2018"",""20 to 24"",""Males"",""56"",""256,027"",""21.87"",""--"",""2,393"""
"Homicide,""2018"",""20 to 24"",""Females"",""16**"",""236,402"",""6.77**"",""--"",""687"""
"Homicide,""2018"",""25 to 29"",""Males"",""54"",""268,889"",""20.08"",""--"",""2,053"""
"Homicide,""2018"",""25 to 29"",""Females"",""--"",""248,869"",""--"",""--"",""--"""
"Homicide,""2018"",""30 to 34"",""Males"",""46"",""242,040"",""19.01"",""--"",""1,522"""
"Homicide,""2018"",""30 to 34"",""Females"",""--"",""225,892"",""--"",""--"",""--"""
"Homicide,""2018"",""35 to 39"",""Males"",""35"",""233,543"",""14.99"",""--"",""979"""
"Homicide,""2018"",""35 to 39"",""Females"",""--"",""224,917"",""--"",""--"",""--"""
"Homicide,""2018"",""40 to 44"",""Males"",""23"",""211,453"",""10.88"",""--"",""525"""
"Homicide,""2018"",""40 to 44"",""Females"",""--"",""209,774"",""--"",""--"",""--"""
"Homicide,""2018"",""45 to 49"",""Males"",""28"",""214,908"",""13.03"",""--"",""506"""
"Homicide,""2018"",""45 to 49"",""Females"",""--"",""216,204"",""--"",""--"",""--"""
"Homicide,""2018"",""50 to 54"",""Males"",""24"",""205,773"",""11.66"",""--"",""320"""
"Homicide,""2018"",""50 to 54"",""Females"",""--"",""212,183"",""--"",""--"",""--"""
"Homicide,""2018"",""55 to 59"",""Males"",""13**"",""213,445"",""6.09**"",""--"",""107"""
"Homicide,""2018"",""60 to 64"",""Males"",""--"",""198,721"",""--"",""--"",""--"""
"Homicide,""2018"",""60 to 64"",""Females"",""--"",""224,349"",""--"",""--"",""--"""
"Homicide,""2018"",""65 to 69"",""Males"",""11**"",""180,737"",""6.09**"",""--"",""0"""
"Homicide,""2018"",""65 to 69"",""Females"",""--"",""208,318"",""--"",""--"",""--"""
"Homicide,""2018"",""70 to 74"",""Males"",""--"",""158,201"",""--"",""--"",""--"""
"Homicide,""2018"",""70 to 74"",""Females"",""--"",""178,478"",""--"",""--"",""--"""
"Homicide,""2018"",""75 to 79"",""Males"",""--"",""111,602"",""--"",""--"",""--"""
"Homicide,""2018"",""75 to 79"",""Females"",""--"",""127,735"",""--"",""--"",""--"""
"Homicide,""2018"",""80 to 84"",""Males"",""--"",""70,050"",""--"",""--"",""--"""
"Homicide,""2018"",""80 to 84"",""Females"",""--"",""80,665"",""--"",""--"",""--"""
"Homicide,""2018"",""85+"",""Males"",""--"",""59,243"",""--"",""--"",""--"""
"Homicide,""2018"",""85+"",""Females"",""--"",""84,024"",""--"",""--"",""--"""
"Legal Intervention,""2023"",""15 to 19"",""Males"",""--"",""255,240"",""--"",""--"",""--"""
"Legal Intervention,""2023"",""20 to 24"",""Males"",""--"",""260,351"",""--"",""--"",""--"""
"Legal Intervention,""2023"",""25 to 29"",""Males"",""--"",""262,910"",""--"",""--"",""--"""
"Legal Intervention,""2023"",""30 to 34"",""Males"",""--"",""267,887"",""--"",""--"",""--"""
"Legal Intervention,""2023"",""35 to 39"",""Males"",""--"",""247,289"",""--"",""--"",""--"""
"Legal Intervention,""2023"",""40 to 44"",""Males"",""--"",""236,928"",""--"",""--"",""--"""
"Legal Intervention,""2023"",""45 to 49"",""Males"",""--"",""212,106"",""--"",""--"",""--"""
"Legal Intervention,""2023"",""45 to 49"",""Females"",""--"",""210,611"",""--"",""--"",""--"""
"Legal Intervention,""2023"",""55 to 59"",""Males"",""--"",""209,587"",""--"",""--"",""--"""
"Legal Intervention,""2023"",""65 to 69"",""Males"",""--"",""202,320"",""--"",""--"",""--"""
"Legal Intervention,""2022"",""15 to 19"",""Males"",""--"",""251,076"",""--"",""--"",""--"""
"Legal Intervention,""2022"",""20 to 24"",""Males"",""--"",""257,155"",""--"",""--"",""--"""
"Legal Intervention,""2022"",""25 to 29"",""Males"",""--"",""261,684"",""--"",""--"",""--"""
"Legal Intervention,""2022"",""30 to 34"",""Males"",""--"",""263,709"",""--"",""--"",""--"""
"Legal Intervention,""2022"",""35 to 39"",""Males"",""--"",""244,550"",""--"",""--"",""--"""
"Legal Intervention,""2022"",""40 to 44"",""Males"",""--"",""231,833"",""--"",""--"",""--"""
"Legal Intervention,""2022"",""45 to 49"",""Males"",""--"",""210,329"",""--"",""--"",""--"""
"Legal Intervention,""2022"",""50 to 54"",""Males"",""--"",""217,356"",""--"",""--"",""--"""
"Legal Intervention,""2022"",""55 to 59"",""Males"",""--"",""211,883"",""--"",""--"",""--"""
"Legal Intervention,""2022"",""55 to 59"",""Females"",""--"",""220,341"",""--"",""--"",""--"""
"Legal Intervention,""2022"",""65 to 69"",""Males"",""--"",""198,297"",""--"",""--"",""--"""
"Legal Intervention,""2022"",""70 to 74"",""Males"",""--"",""172,953"",""--"",""--"",""--"""
"Legal Intervention,""2022"",""75 to 79"",""Males"",""--"",""133,042"",""--"",""--"",""--"""
"Legal Intervention,""2021"",""15 to 19"",""Males"",""--"",""243,262"",""--"",""--"",""--"""
"Legal Intervention,""2021"",""20 to 24"",""Males"",""--"",""252,146"",""--"",""--"",""--"""
"Legal Intervention,""2021"",""25 to 29"",""Males"",""--"",""259,657"",""--"",""--"",""--"""
"Legal Intervention,""2021"",""30 to 34"",""Males"",""--"",""257,323"",""--"",""--"",""--"""
"Legal Intervention,""2021"",""30 to 34"",""Females"",""--"",""240,373"",""--"",""--"",""--"""
"Legal Intervention,""2021"",""35 to 39"",""Males"",""--"",""241,963"",""--"",""--"",""--"""
"Legal Intervention,""2021"",""40 to 44"",""Males"",""--"",""226,049"",""--"",""--"",""--"""
"Legal Intervention,""2021"",""45 to 49"",""Males"",""--"",""210,099"",""--"",""--"",""--"""
"Legal Intervention,""2021"",""50 to 54"",""Males"",""--"",""215,318"",""--"",""--"",""--"""
"Legal Intervention,""2021"",""55 to 59"",""Males"",""--"",""215,129"",""--"",""--"",""--"""
"Legal Intervention,""2021"",""60 to 64"",""Males"",""--"",""214,782"",""--"",""--"",""--"""
"Legal Intervention,""2021"",""65 to 69"",""Males"",""--"",""193,654"",""--"",""--"",""--"""
"Legal Intervention,""2020"",""15 to 19"",""Males"",""--"",""242,690"",""--"",""--"",""--"""
"Legal Intervention,""2020"",""25 to 29"",""Males"",""--"",""258,627"",""--"",""--"",""--"""
"Legal Intervention,""2020"",""30 to 34"",""Males"",""--"",""249,591"",""--"",""--"",""--"""
"Legal Intervention,""2020"",""35 to 39"",""Males"",""--"",""238,354"",""--"",""--"",""--"""
"Legal Intervention,""2020"",""40 to 44"",""Males"",""--"",""219,479"",""--"",""--"",""--"""
"Legal Intervention,""2020"",""45 to 49"",""Males"",""--"",""213,312"",""--"",""--"",""--"""
"Legal Intervention,""2020"",""50 to 54"",""Males"",""--"",""210,008"",""--"",""--"",""--"""
"Legal Intervention,""2020"",""55 to 59"",""Males"",""--"",""217,440"",""--"",""--"",""--"""
"Legal Intervention,""2020"",""55 to 59"",""Females"",""--"",""225,647"",""--"",""--"",""--"""
"Legal Intervention,""2020"",""60 to 64"",""Males"",""--"",""209,681"",""--"",""--"",""--"""
"Legal Intervention,""2020"",""75 to 79"",""Males"",""--"",""118,274"",""--"",""--"",""--"""
"Legal Intervention,""2020"",""80 to 84"",""Males"",""--"",""72,644"",""--"",""--"",""--"""
"Legal Intervention,""2019"",""20 to 24"",""Males"",""--"",""257,034"",""--"",""--"",""--"""
"Legal Intervention,""2019"",""25 to 29"",""Males"",""--"",""274,139"",""--"",""--"",""--"""
"Legal Intervention,""2019"",""30 to 34"",""Males"",""--"",""249,827"",""--"",""--"",""--"""
"Legal Intervention,""2019"",""35 to 39"",""Males"",""--"",""238,495"",""--"",""--"",""--"""
"Legal Intervention,""2019"",""40 to 44"",""Males"",""--"",""215,569"",""--"",""--"",""--"""
"Legal Intervention,""2019"",""65 to 69"",""Males"",""--"",""184,808"",""--"",""--"",""--"""
"Legal Intervention,""2018"",""20 to 24"",""Males"",""--"",""256,027"",""--"",""--"",""--"""
"Legal Intervention,""2018"",""25 to 29"",""Males"",""--"",""268,889"",""--"",""--"",""--"""
"Legal Intervention,""2018"",""30 to 34"",""Males"",""--"",""242,040"",""--"",""--"",""--"""
"Legal Intervention,""2018"",""30 to 34"",""Females"",""--"",""225,892"",""--"",""--"",""--"""
"Legal Intervention,""2018"",""35 to 39"",""Females"",""--"",""224,917"",""--"",""--"",""--"""
"Legal Intervention,""2018"",""40 to 44"",""Males"",""--"",""211,453"",""--"",""--"",""--"""
"Legal Intervention,""2018"",""45 to 49"",""Males"",""--"",""214,908"",""--"",""--"",""--"""
"Legal Intervention,""2018"",""45 to 49"",""Females"",""--"",""216,204"",""--"",""--"",""--"""
"Legal Intervention,""2018"",""50 to 54"",""Males"",""--"",""205,773"",""--"",""--"",""--"""
"Legal Intervention,""2018"",""55 to 59"",""Males"",""--"",""213,445"",""--"",""--"",""--"""
"Legal Intervention,""2018"",""60 to 64"",""Males"",""--"",""198,721"",""--"",""--"",""--"""
"Legal Intervention,""2018"",""70 to 74"",""Males"",""--"",""158,201"",""--"",""--"",""--"""
"Legal Intervention,""2018"",""80 to 84"",""Males"",""--"",""70,050"",""--"",""--"",""--"""
"Suicide,""2023"",""5 to 9"",""Males"",""--"",""222,723"",""--"",""--"",""--"""
"Suicide,""2023"",""10 to 14"",""Males"",""--"",""232,741"",""--"",""--"",""--"""
"Suicide,""2023"",""10 to 14"",""Females"",""--"",""223,348"",""--"",""--"",""--"""
"Suicide,""2023"",""15 to 19"",""Males"",""47"",""255,240"",""18.41"",""--"",""2,240"""
"Suicide,""2023"",""15 to 19"",""Females"",""17**"",""241,446"",""7.04**"",""--"",""825"""
"Suicide,""2023"",""20 to 24"",""Males"",""89"",""260,351"",""34.19"",""--"",""3,807"""
"Suicide,""2023"",""20 to 24"",""Females"",""--"",""244,777"",""--"",""--"",""--"""
"Suicide,""2023"",""25 to 29"",""Males"",""104"",""262,910"",""39.56"",""--"",""3,959"""
"Suicide,""2023"",""25 to 29"",""Females"",""31"",""245,200"",""12.64"",""--"",""1,170"""
"Suicide,""2023"",""30 to 34"",""Males"",""111"",""267,887"",""41.44"",""--"",""3,666"""
"Suicide,""2023"",""30 to 34"",""Females"",""35"",""251,032"",""13.94"",""--"",""1,172"""
"Suicide,""2023"",""35 to 39"",""Males"",""99"",""247,289"",""40.03"",""--"",""2,781"""
"Suicide,""2023"",""35 to 39"",""Females"",""20**"",""231,656"",""8.63**"",""--"",""542"""
"Suicide,""2023"",""40 to 44"",""Males"",""100"",""236,928"",""42.21"",""--"",""2,307"""
"Suicide,""2023"",""40 to 44"",""Females"",""33"",""228,004"",""14.47"",""--"",""762"""
"Suicide,""2023"",""45 to 49"",""Males"",""75"",""212,106"",""35.36"",""--"",""1,360"""
"Suicide,""2023"",""45 to 49"",""Females"",""27"",""210,611"",""12.82"",""--"",""491"""
"Suicide,""2023"",""50 to 54"",""Males"",""76"",""217,371"",""34.96"",""--"",""993"""
"Suicide,""2023"",""50 to 54"",""Females"",""23"",""218,820"",""10.51"",""--"",""290"""
"Suicide,""2023"",""55 to 59"",""Males"",""94"",""209,587"",""44.85"",""--"",""750"""
"Suicide,""2023"",""55 to 59"",""Females"",""21"",""217,192"",""9.67"",""--"",""172"""
"Suicide,""2023"",""60 to 64"",""Males"",""73"",""218,673"",""33.38"",""--"",""218"""
"Suicide,""2023"",""60 to 64"",""Females"",""25"",""234,126"",""10.68"",""--"",""76"""
"Suicide,""2023"",""65 to 69"",""Males"",""85"",""202,320"",""42.01"",""--"",""0"""
"Suicide,""2023"",""65 to 69"",""Females"",""21"",""227,553"",""9.23"",""--"",""0"""
"Suicide,""2023"",""70 to 74"",""Males"",""58"",""173,713"",""33.39"",""--"",""0"""
"Suicide,""2023"",""70 to 74"",""Females"",""16**"",""201,350"",""7.95**"",""--"",""0"""
"Suicide,""2023"",""75 to 79"",""Males"",""67"",""138,340"",""48.43"",""--"",""0"""
"Suicide,""2023"",""75 to 79"",""Females"",""18**"",""158,362"",""11.37**"",""--"",""0"""
"Suicide,""2023"",""80 to 84"",""Males"",""48"",""84,358"",""56.90"",""--"",""0"""
"Suicide,""2023"",""80 to 84"",""Females"",""--"",""99,398"",""--"",""--"",""--"""
"Suicide,""2023"",""85+"",""Males"",""56"",""64,140"",""87.31"",""--"",""0"""
"Suicide,""2023"",""85+"",""Females"",""--"",""84,985"",""--"",""--"",""--"""
"Suicide,""2022"",""5 to 9"",""Males"",""--"",""224,935"",""--"",""--"",""--"""
"Suicide,""2022"",""10 to 14"",""Males"",""--"",""237,610"",""--"",""--"",""--"""
"Suicide,""2022"",""10 to 14"",""Females"",""--"",""227,292"",""--"",""--"",""--"""
"Suicide,""2022"",""15 to 19"",""Males"",""55"",""251,076"",""21.91"",""--"",""2,617"""
"Suicide,""2022"",""15 to 19"",""Females"",""15**"",""237,829"",""6.31**"",""--"",""728"""
"Suicide,""2022"",""20 to 24"",""Males"",""101"",""257,155"",""39.28"",""--"",""4,325"""
"Suicide,""2022"",""20 to 24"",""Females"",""22"",""241,970"",""9.09"",""--"",""946"""
"Suicide,""2022"",""25 to 29"",""Males"",""116"",""261,684"",""44.33"",""--"",""4,407"""
"Suicide,""2022"",""25 to 29"",""Females"",""24"",""243,917"",""9.84"",""--"",""906"""
"Suicide,""2022"",""30 to 34"",""Males"",""99"",""263,709"",""37.54"",""--"",""3,278"""
"Suicide,""2022"",""30 to 34"",""Females"",""26"",""247,826"",""10.49"",""--"",""872"""
"Suicide,""2022"",""35 to 39"",""Males"",""110"",""244,550"",""44.98"",""--"",""3,074"""
"Suicide,""2022"",""35 to 39"",""Females"",""20**"",""229,345"",""8.72**"",""--"",""562"""
"Suicide,""2022"",""40 to 44"",""Males"",""94"",""231,833"",""40.55"",""--"",""2,164"""
"Suicide,""2022"",""40 to 44"",""Females"",""29"",""223,985"",""12.95"",""--"",""663"""
"Suicide,""2022"",""45 to 49"",""Males"",""83"",""210,329"",""39.46"",""--"",""1,497"""
"Suicide,""2022"",""45 to 49"",""Females"",""24"",""208,994"",""11.48"",""--"",""435"""
"Suicide,""2022"",""50 to 54"",""Males"",""91"",""217,356"",""41.87"",""--"",""1,194"""
"Suicide,""2022"",""50 to 54"",""Females"",""20**"",""218,221"",""9.17**"",""--"",""260"""
"Suicide,""2022"",""55 to 59"",""Males"",""110"",""211,883"",""51.92"",""--"",""886"""
"Suicide,""2022"",""55 to 59"",""Females"",""29"",""220,341"",""13.16"",""--"",""231"""
"Suicide,""2022"",""60 to 64"",""Males"",""95"",""217,501"",""43.68"",""--"",""292"""
"Suicide,""2022"",""60 to 64"",""Females"",""31"",""233,666"",""13.27"",""--"",""105"""
"Suicide,""2022"",""65 to 69"",""Males"",""68"",""198,297"",""34.29"",""--"",""0"""
"Suicide,""2022"",""65 to 69"",""Females"",""13**"",""223,871"",""5.81**"",""--"",""0"""
"Suicide,""2022"",""70 to 74"",""Males"",""97"",""172,953"",""56.09"",""--"",""0"""
"Suicide,""2022"",""70 to 74"",""Females"",""15**"",""198,885"",""7.54**"",""--"",""0"""
"Suicide,""2022"",""75 to 79"",""Males"",""67"",""133,042"",""50.36"",""--"",""0"""
"Suicide,""2022"",""75 to 79"",""Females"",""16**"",""151,118"",""10.59**"",""--"",""0"""
"Suicide,""2022"",""80 to 84"",""Males"",""62"",""78,392"",""79.09"",""--"",""0"""
"Suicide,""2022"",""80 to 84"",""Females"",""--"",""92,190"",""--"",""--"",""--"""
"Suicide,""2022"",""85+"",""Males"",""46"",""60,517"",""76.01"",""--"",""0"""
"Suicide,""2022"",""85+"",""Females"",""--"",""81,900"",""--"",""--"",""--"""
"Suicide,""2021"",""10 to 14"",""Males"",""--"",""241,435"",""--"",""--"",""--"""
"Suicide,""2021"",""10 to 14"",""Females"",""--"",""230,872"",""--"",""--"",""--"""
"Suicide,""2021"",""15 to 19"",""Males"",""54"",""243,262"",""22.20"",""--"",""2,557"""
"Suicide,""2021"",""15 to 19"",""Females"",""14**"",""229,936"",""6.09**"",""--"",""667"""
"Suicide,""2021"",""20 to 24"",""Males"",""102"",""252,146"",""40.45"",""--"",""4,370"""
"Suicide,""2021"",""20 to 24"",""Females"",""25"",""236,691"",""10.56"",""--"",""1,075"""
"Suicide,""2021"",""25 to 29"",""Males"",""133"",""259,657"",""51.22"",""--"",""5,054"""
"Suicide,""2021"",""25 to 29"",""Females"",""25"",""241,898"",""10.34"",""--"",""943"""
"Suicide,""2021"",""30 to 34"",""Males"",""103"",""257,323"",""40.03"",""--"",""3,412"""
"Suicide,""2021"",""30 to 34"",""Females"",""22"",""240,373"",""9.15"",""--"",""722"""
"Suicide,""2021"",""35 to 39"",""Males"",""96"",""241,963"",""39.68"",""--"",""2,693"""
"Suicide,""2021"",""35 to 39"",""Females"",""27"",""227,373"",""11.88"",""--"",""759"""
"Suicide,""2021"",""40 to 44"",""Males"",""81"",""226,049"",""35.83"",""--"",""1,868"""
"Suicide,""2021"",""40 to 44"",""Females"",""23"",""218,700"",""10.52"",""--"",""531"""
"Suicide,""2021"",""45 to 49"",""Males"",""71"",""210,099"",""33.79"",""--"",""1,284"""
"Suicide,""2021"",""45 to 49"",""Females"",""20**"",""208,465"",""9.59**"",""--"",""359"""
"Suicide,""2021"",""50 to 54"",""Males"",""77"",""215,318"",""35.76"",""--"",""1,006"""
"Suicide,""2021"",""50 to 54"",""Females"",""28"",""215,251"",""13.01"",""--"",""366"""
"Suicide,""2021"",""55 to 59"",""Males"",""89"",""215,129"",""41.37"",""--"",""700"""
"Suicide,""2021"",""55 to 59"",""Females"",""22"",""223,499"",""9.84"",""--"",""190"""
"Suicide,""2021"",""60 to 64"",""Males"",""83"",""214,782"",""38.64"",""--"",""261"""
"Suicide,""2021"",""60 to 64"",""Females"",""25"",""232,270"",""10.76"",""--"",""85"""
"Suicide,""2021"",""65 to 69"",""Males"",""72"",""193,654"",""37.18"",""--"",""0"""
"Suicide,""2021"",""65 to 69"",""Females"",""15**"",""219,101"",""6.85**"",""--"",""0"""
"Suicide,""2021"",""70 to 74"",""Males"",""70"",""177,237"",""39.50"",""--"",""0"""
"Suicide,""2021"",""70 to 74"",""Females"",""17**"",""200,244"",""8.49**"",""--"",""0"""
"Suicide,""2021"",""75 to 79"",""Males"",""46"",""121,258"",""37.94"",""--"",""0"""
"Suicide,""2021"",""75 to 79"",""Females"",""12**"",""138,070"",""8.69**"",""--"",""0"""
"Suicide,""2021"",""80 to 84"",""Males"",""51"",""75,231"",""67.79"",""--"",""0"""
"Suicide,""2021"",""80 to 84"",""Females"",""--"",""87,616"",""--"",""--"",""--"""
"Suicide,""2021"",""85+"",""Males"",""46"",""58,688"",""78.38"",""--"",""0"""
"Suicide,""2021"",""85+"",""Females"",""--"",""80,781"",""--"",""--"",""--"""
"Suicide,""2020"",""10 to 14"",""Males"",""12**"",""243,583"",""4.93**"",""--"",""623"""
"Suicide,""2020"",""10 to 14"",""Females"",""--"",""232,926"",""--"",""--"",""--"""
"Suicide,""2020"",""15 to 19"",""Males"",""53"",""242,690"",""21.84"",""--"",""2,522"""
"Suicide,""2020"",""15 to 19"",""Females"",""16**"",""230,219"",""6.95**"",""--"",""771"""
"Suicide,""2020"",""20 to 24"",""Males"",""95"",""249,270"",""38.11"",""--"",""4,074"""
"Suicide,""2020"",""20 to 24"",""Females"",""23"",""233,315"",""9.86"",""--"",""999"""
"Suicide,""2020"",""25 to 29"",""Males"",""95"",""258,627"",""36.73"",""--"",""3,592"""
"Suicide,""2020"",""25 to 29"",""Females"",""25"",""240,805"",""10.38"",""--"",""959"""
"Suicide,""2020"",""30 to 34"",""Males"",""102"",""249,591"",""40.87"",""--"",""3,366"""
"Suicide,""2020"",""30 to 34"",""Females"",""28"",""232,534"",""12.04"",""--"",""933"""
"Suicide,""2020"",""35 to 39"",""Males"",""76"",""238,354"",""31.89"",""--"",""2,145"""
"Suicide,""2020"",""35 to 39"",""Females"",""25"",""224,491"",""11.14"",""--"",""704"""
"Suicide,""2020"",""40 to 44"",""Males"",""63"",""219,479"",""28.70"",""--"",""1,472"""
"Suicide,""2020"",""40 to 44"",""Females"",""24"",""212,549"",""11.29"",""--"",""549"""
"Suicide,""2020"",""45 to 49"",""Males"",""75"",""213,312"",""35.16"",""--"",""1,325"""
"Suicide,""2020"",""45 to 49"",""Females"",""20**"",""210,619"",""9.50**"",""--"",""357"""
"Suicide,""2020"",""50 to 54"",""Males"",""80"",""210,008"",""38.09"",""--"",""1,037"""
"Suicide,""2020"",""50 to 54"",""Females"",""21"",""209,634"",""10.02"",""--"",""273"""
"Suicide,""2020"",""55 to 59"",""Males"",""93"",""217,440"",""42.77"",""--"",""740"""
"Suicide,""2020"",""55 to 59"",""Females"",""33"",""225,647"",""14.63"",""--"",""263"""
"Suicide,""2020"",""60 to 64"",""Males"",""73"",""209,681"",""34.82"",""--"",""213"""
"Suicide,""2020"",""60 to 64"",""Females"",""21"",""227,980"",""9.21"",""--"",""68"""
"Suicide,""2020"",""65 to 69"",""Males"",""61"",""189,583"",""32.18"",""--"",""0"""
"Suicide,""2020"",""65 to 69"",""Females"",""15**"",""214,656"",""6.99**"",""--"",""0"""
"Suicide,""2020"",""70 to 74"",""Males"",""44"",""170,973"",""25.74"",""--"",""0"""
"Suicide,""2020"",""70 to 74"",""Females"",""13**"",""191,180"",""6.80**"",""--"",""0"""
"Suicide,""2020"",""75 to 79"",""Males"",""53"",""118,274"",""44.81"",""--"",""0"""
"Suicide,""2020"",""75 to 79"",""Females"",""10**"",""133,688"",""7.48**"",""--"",""0"""
"Suicide,""2020"",""80 to 84"",""Males"",""46"",""72,644"",""63.32"",""--"",""0"""
"Suicide,""2020"",""80 to 84"",""Females"",""--"",""83,743"",""--"",""--"",""--"""
"Suicide,""2020"",""85+"",""Males"",""49"",""56,791"",""86.28"",""--"",""0"""
"Suicide,""2020"",""85+"",""Females"",""--"",""80,027"",""--"",""--"",""--"""
"Suicide,""2019"",""10 to 14"",""Males"",""--"",""243,657"",""--"",""--"",""--"""
"Suicide,""2019"",""10 to 14"",""Females"",""--"",""234,567"",""--"",""--"",""--"""
"Suicide,""2019"",""15 to 19"",""Males"",""35"",""245,440"",""14.26"",""--"",""1,649"""
"Suicide,""2019"",""15 to 19"",""Females"",""16**"",""234,125"",""6.83**"",""--"",""762"""
"Suicide,""2019"",""20 to 24"",""Males"",""85"",""257,034"",""33.07"",""--"",""3,666"""
"Suicide,""2019"",""20 to 24"",""Females"",""17**"",""239,926"",""7.09**"",""--"",""734"""
"Suicide,""2019"",""25 to 29"",""Males"",""120"",""274,139"",""43.77"",""--"",""4,566"""
"Suicide,""2019"",""25 to 29"",""Females"",""22"",""253,106"",""8.69"",""--"",""824"""
"Suicide,""2019"",""30 to 34"",""Males"",""104"",""249,827"",""41.63"",""--"",""3,425"""
"Suicide,""2019"",""30 to 34"",""Females"",""13**"",""232,649"",""5.59**"",""--"",""427"""
"Suicide,""2019"",""35 to 39"",""Males"",""89"",""238,495"",""37.32"",""--"",""2,486"""
"Suicide,""2019"",""35 to 39"",""Females"",""16**"",""229,018"",""6.99**"",""--"",""447"""
"Suicide,""2019"",""40 to 44"",""Males"",""58"",""215,569"",""26.91"",""--"",""1,331"""
"Suicide,""2019"",""40 to 44"",""Females"",""25"",""213,403"",""11.72"",""--"",""584"""
"Suicide,""2019"",""45 to 49"",""Males"",""78"",""215,421"",""36.21"",""--"",""1,382"""
"Suicide,""2019"",""45 to 49"",""Females"",""34"",""217,630"",""15.62"",""--"",""601"""
"Suicide,""2019"",""50 to 54"",""Males"",""86"",""206,772"",""41.59"",""--"",""1,114"""
"Suicide,""2019"",""50 to 54"",""Females"",""38"",""211,827"",""17.94"",""--"",""495"""
"Suicide,""2019"",""55 to 59"",""Males"",""91"",""216,293"",""42.07"",""--"",""704"""
"Suicide,""2019"",""55 to 59"",""Females"",""29"",""230,465"",""12.58"",""--"",""249"""
"Suicide,""2019"",""60 to 64"",""Males"",""78"",""204,086"",""38.22"",""--"",""228"""
"Suicide,""2019"",""60 to 64"",""Females"",""28"",""229,478"",""12.20"",""--"",""92"""
"Suicide,""2019"",""65 to 69"",""Males"",""60"",""184,808"",""32.47"",""--"",""0"""
"Suicide,""2019"",""65 to 69"",""Females"",""20**"",""214,430"",""9.33**"",""--"",""0"""
"Suicide,""2019"",""70 to 74"",""Males"",""54"",""166,440"",""32.44"",""--"",""0"""
"Suicide,""2019"",""70 to 74"",""Females"",""22"",""188,636"",""11.66"",""--"",""0"""
"Suicide,""2019"",""75 to 79"",""Males"",""58"",""118,458"",""48.96"",""--"",""0"""
"Suicide,""2019"",""75 to 79"",""Females"",""16**"",""135,655"",""11.80**"",""--"",""0"""
"Suicide,""2019"",""80 to 84"",""Males"",""45"",""74,207"",""60.64"",""--"",""0"""
"Suicide,""2019"",""80 to 84"",""Females"",""--"",""85,411"",""--"",""--"",""--"""
"Suicide,""2019"",""85+"",""Males"",""55"",""61,656"",""89.21"",""--"",""0"""
"Suicide,""2019"",""85+"",""Females"",""--"",""86,087"",""--"",""--"",""--"""
"Suicide,""2018"",""10 to 14"",""Males"",""13**"",""242,809"",""5.35**"",""--"",""676"""
"Suicide,""2018"",""10 to 14"",""Females"",""--"",""233,681"",""--"",""--"",""--"""
"Suicide,""2018"",""15 to 19"",""Males"",""67"",""242,386"",""27.64"",""--"",""3,200"""
"Suicide,""2018"",""15 to 19"",""Females"",""14**"",""231,555"",""6.05**"",""--"",""670"""
"Suicide,""2018"",""20 to 24"",""Males"",""100"",""256,027"",""39.06"",""--"",""4,269"""
"Suicide,""2018"",""20 to 24"",""Females"",""14**"",""236,402"",""5.92**"",""--"",""606"""
"Suicide,""2018"",""25 to 29"",""Males"",""104"",""268,889"",""38.68"",""--"",""3,964"""
"Suicide,""2018"",""25 to 29"",""Females"",""26"",""248,869"",""10.45"",""--"",""985"""
"Suicide,""2018"",""30 to 34"",""Males"",""85"",""242,040"",""35.12"",""--"",""2,791"""
"Suicide,""2018"",""30 to 34"",""Females"",""18**"",""225,892"",""7.97**"",""--"",""594"""
"Suicide,""2018"",""35 to 39"",""Males"",""82"",""233,543"",""35.11"",""--"",""2,298"""
"Suicide,""2018"",""35 to 39"",""Females"",""26"",""224,917"",""11.56"",""--"",""722"""
"Suicide,""2018"",""40 to 44"",""Males"",""69"",""211,453"",""32.63"",""--"",""1,575"""
"Suicide,""2018"",""40 to 44"",""Females"",""25"",""209,774"",""11.92"",""--"",""565"""
"Suicide,""2018"",""45 to 49"",""Males"",""90"",""214,908"",""41.88"",""--"",""1,618"""
"Suicide,""2018"",""45 to 49"",""Females"",""21"",""216,204"",""9.71"",""--"",""378"""
"Suicide,""2018"",""50 to 54"",""Males"",""84"",""205,773"",""40.82"",""--"",""1,079"""
"Suicide,""2018"",""50 to 54"",""Females"",""24"",""212,183"",""11.31"",""--"",""306"""
"Suicide,""2018"",""55 to 59"",""Males"",""106"",""213,445"",""49.66"",""--"",""880"""
"Suicide,""2018"",""55 to 59"",""Females"",""29"",""227,767"",""12.73"",""--"",""236"""
"Suicide,""2018"",""60 to 64"",""Males"",""81"",""198,721"",""40.76"",""--"",""244"""
"Suicide,""2018"",""60 to 64"",""Females"",""21"",""224,349"",""9.36"",""--"",""74"""
"Suicide,""2018"",""65 to 69"",""Males"",""73"",""180,737"",""40.39"",""--"",""0"""
"Suicide,""2018"",""65 to 69"",""Females"",""24"",""208,318"",""11.52"",""--"",""0"""
"Suicide,""2018"",""70 to 74"",""Males"",""69"",""158,201"",""43.62"",""--"",""0"""
"Suicide,""2018"",""70 to 74"",""Females"",""20**"",""178,478"",""11.21**"",""--"",""0"""
"Suicide,""2018"",""75 to 79"",""Males"",""56"",""111,602"",""50.18"",""--"",""0"""
"Suicide,""2018"",""75 to 79"",""Females"",""--"",""127,735"",""--"",""--"",""--"""
"Suicide,""2018"",""80 to 84"",""Males"",""36"",""70,050"",""51.39"",""--"",""0"""
"Suicide,""2018"",""80 to 84"",""Females"",""--"",""80,665"",""--"",""--"",""--"""
"Suicide,""2018"",""85+"",""Males"",""34"",""59,243"",""57.39"",""--"",""0"""
"Suicide,""2018"",""85+"",""Females"",""--"",""84,024"",""--"",""--"",""--"""
"Undetermined,""2023"",""0 to 4"",""Males"",""--"",""201,052"",""--"",""--"",""--"""
"Undetermined,""2023"",""0 to 4"",""Females"",""--"",""192,479"",""--"",""--"",""--"""
"Undetermined,""2023"",""5 to 9"",""Males"",""--"",""222,723"",""--"",""--"",""--"""
"Undetermined,""2023"",""5 to 9"",""Females"",""--"",""213,276"",""--"",""--"",""--"""
"Undetermined,""2023"",""10 to 14"",""Males"",""--"",""232,741"",""--"",""--"",""--"""
"Undetermined,""2023"",""15 to 19"",""Males"",""--"",""255,240"",""--"",""--"",""--"""
"Undetermined,""2023"",""15 to 19"",""Females"",""--"",""241,446"",""--"",""--"",""--"""
"Undetermined,""2023"",""20 to 24"",""Males"",""--"",""260,351"",""--"",""--"",""--"""
"Undetermined,""2023"",""20 to 24"",""Females"",""--"",""244,777"",""--"",""--"",""--"""
"Undetermined,""2023"",""25 to 29"",""Males"",""--"",""262,910"",""--"",""--"",""--"""
"Undetermined,""2023"",""25 to 29"",""Females"",""--"",""245,200"",""--"",""--"",""--"""
"Undetermined,""2023"",""30 to 34"",""Males"",""10**"",""267,887"",""3.73**"",""--"",""325"""
"Undetermined,""2023"",""30 to 34"",""Females"",""--"",""251,032"",""--"",""--"",""--"""
"Undetermined,""2023"",""35 to 39"",""Males"",""19**"",""247,289"",""7.68**"",""--"",""537"""
"Undetermined,""2023"",""35 to 39"",""Females"",""--"",""231,656"",""--"",""--"",""--"""
"Undetermined,""2023"",""40 to 44"",""Males"",""--"",""236,928"",""--"",""--"",""--"""
"Undetermined,""2023"",""40 to 44"",""Females"",""--"",""228,004"",""--"",""--"",""--"""
"Undetermined,""2023"",""45 to 49"",""Males"",""--"",""212,106"",""--"",""--"",""--"""
"Undetermined,""2023"",""45 to 49"",""Females"",""--"",""210,611"",""--"",""--"",""--"""
"Undetermined,""2023"",""50 to 54"",""Males"",""--"",""217,371"",""--"",""--"",""--"""
"Undetermined,""2023"",""50 to 54"",""Females"",""--"",""218,820"",""--"",""--"",""--"""
"Undetermined,""2023"",""55 to 59"",""Males"",""--"",""209,587"",""--"",""--"",""--"""
"Undetermined,""2023"",""55 to 59"",""Females"",""--"",""217,192"",""--"",""--"",""--"""
"Undetermined,""2023"",""60 to 64"",""Males"",""--"",""218,673"",""--"",""--"",""--"""
"Undetermined,""2023"",""60 to 64"",""Females"",""--"",""234,126"",""--"",""--"",""--"""
"Undetermined,""2023"",""65 to 69"",""Males"",""--"",""202,320"",""--"",""--"",""--"""
"Undetermined,""2023"",""65 to 69"",""Females"",""--"",""227,553"",""--"",""--"",""--"""
"Undetermined,""2023"",""70 to 74"",""Males"",""--"",""173,713"",""--"",""--"",""--"""
"Undetermined,""2023"",""70 to 74"",""Females"",""--"",""201,350"",""--"",""--"",""--"""
"Undetermined,""2023"",""75 to 79"",""Males"",""--"",""138,340"",""--"",""--"",""--"""
"Undetermined,""2023"",""75 to 79"",""Females"",""--"",""158,362"",""--"",""--"",""--"""
"Undetermined,""2023"",""85+"",""Females"",""--"",""84,985"",""--"",""--"",""--"""
"Undetermined,""2022"",""0 to 4"",""Males"",""--"",""202,080"",""--"",""--"",""--"""
"Undetermined,""2022"",""0 to 4"",""Females"",""--"",""193,928"",""--"",""--"",""--"""
"Undetermined,""2022"",""5 to 9"",""Males"",""--"",""224,935"",""--"",""--"",""--"""
"Undetermined,""2022"",""10 to 14"",""Males"",""--"",""237,610"",""--"",""--"",""--"""
"Undetermined,""2022"",""15 to 19"",""Males"",""--"",""251,076"",""--"",""--"",""--"""
"Undetermined,""2022"",""20 to 24"",""Males"",""--"",""257,155"",""--"",""--"",""--"""
"Undetermined,""2022"",""25 to 29"",""Males"",""--"",""261,684"",""--"",""--"",""--"""
"Undetermined,""2022"",""25 to 29"",""Females"",""--"",""243,917"",""--"",""--"",""--"""
"Undetermined,""2022"",""30 to 34"",""Males"",""15**"",""263,709"",""5.69**"",""--"",""497"""
"Undetermined,""2022"",""30 to 34"",""Females"",""--"",""247,826"",""--"",""--"",""--"""
"Undetermined,""2022"",""35 to 39"",""Males"",""--"",""244,550"",""--"",""--"",""--"""
"Undetermined,""2022"",""35 to 39"",""Females"",""--"",""229,345"",""--"",""--"",""--"""
"Undetermined,""2022"",""40 to 44"",""Males"",""--"",""231,833"",""--"",""--"",""--"""
"Undetermined,""2022"",""40 to 44"",""Females"",""--"",""223,985"",""--"",""--"",""--"""
"Undetermined,""2022"",""45 to 49"",""Males"",""--"",""210,329"",""--"",""--"",""--"""
"Undetermined,""2022"",""45 to 49"",""Females"",""--"",""208,994"",""--"",""--"",""--"""
"Undetermined,""2022"",""50 to 54"",""Males"",""12**"",""217,356"",""5.52**"",""--"",""148"""
"Undetermined,""2022"",""50 to 54"",""Females"",""--"",""218,221"",""--"",""--"",""--"""
"Undetermined,""2022"",""55 to 59"",""Males"",""--"",""211,883"",""--"",""--"",""--"""
"Undetermined,""2022"",""55 to 59"",""Females"",""--"",""220,341"",""--"",""--"",""--"""
"Undetermined,""2022"",""60 to 64"",""Males"",""--"",""217,501"",""--"",""--"",""--"""
"Undetermined,""2022"",""60 to 64"",""Females"",""--"",""233,666"",""--"",""--"",""--"""
"Undetermined,""2022"",""65 to 69"",""Males"",""--"",""198,297"",""--"",""--"",""--"""
"Undetermined,""2022"",""65 to 69"",""Females"",""--"",""223,871"",""--"",""--"",""--"""
"Undetermined,""2022"",""70 to 74"",""Males"",""--"",""172,953"",""--"",""--"",""--"""
"Undetermined,""2022"",""70 to 74"",""Females"",""--"",""198,885"",""--"",""--"",""--"""
"Undetermined,""2022"",""75 to 79"",""Males"",""--"",""133,042"",""--"",""--"",""--"""
"Undetermined,""2022"",""75 to 79"",""Females"",""--"",""151,118"",""--"",""--"",""--"""
"Undetermined,""2022"",""80 to 84"",""Males"",""--"",""78,392"",""--"",""--"",""--"""
"Undetermined,""2022"",""80 to 84"",""Females"",""--"",""92,190"",""--"",""--"",""--"""
"Undetermined,""2022"",""85+"",""Males"",""--"",""60,517"",""--"",""--"",""--"""
"Undetermined,""2021"",""0 to 4"",""Males"",""--"",""202,601"",""--"",""--"",""--"""
"Undetermined,""2021"",""0 to 4"",""Females"",""--"",""194,783"",""--"",""--"",""--"""
"Undetermined,""2021"",""10 to 14"",""Females"",""--"",""230,872"",""--"",""--"",""--"""
"Undetermined,""2021"",""15 to 19"",""Males"",""--"",""243,262"",""--"",""--"",""--"""
"Undetermined,""2021"",""15 to 19"",""Females"",""--"",""229,936"",""--"",""--"",""--"""
"Undetermined,""2021"",""20 to 24"",""Males"",""12**"",""252,146"",""4.76**"",""--"",""507"""
"Undetermined,""2021"",""20 to 24"",""Females"",""--"",""236,691"",""--"",""--"",""--"""
"Undetermined,""2021"",""25 to 29"",""Males"",""--"",""259,657"",""--"",""--"",""--"""
"Undetermined,""2021"",""25 to 29"",""Females"",""--"",""241,898"",""--"",""--"",""--"""
"Undetermined,""2021"",""30 to 34"",""Males"",""14**"",""257,323"",""5.44**"",""--"",""462"""
"Undetermined,""2021"",""30 to 34"",""Females"",""--"",""240,373"",""--"",""--"",""--"""
"Undetermined,""2021"",""35 to 39"",""Males"",""--"",""241,963"",""--"",""--"",""--"""
"Undetermined,""2021"",""35 to 39"",""Females"",""--"",""227,373"",""--"",""--"",""--"""
"Undetermined,""2021"",""40 to 44"",""Males"",""12**"",""226,049"",""5.31**"",""--"",""274"""
"Undetermined,""2021"",""40 to 44"",""Females"",""--"",""218,700"",""--"",""--"",""--"""
"Undetermined,""2021"",""45 to 49"",""Males"",""--"",""210,099"",""--"",""--"",""--"""
"Undetermined,""2021"",""45 to 49"",""Females"",""10**"",""208,465"",""4.80**"",""--"",""175"""
"Undetermined,""2021"",""50 to 54"",""Males"",""--"",""215,318"",""--"",""--"",""--"""
"Undetermined,""2021"",""50 to 54"",""Females"",""--"",""215,251"",""--"",""--"",""--"""
"Undetermined,""2021"",""55 to 59"",""Males"",""--"",""215,129"",""--"",""--"",""--"""
"Undetermined,""2021"",""55 to 59"",""Females"",""--"",""223,499"",""--"",""--"",""--"""
"Undetermined,""2021"",""60 to 64"",""Males"",""--"",""214,782"",""--"",""--"",""--"""
"Undetermined,""2021"",""60 to 64"",""Females"",""--"",""232,270"",""--"",""--"",""--"""
"Undetermined,""2021"",""65 to 69"",""Males"",""10**"",""193,654"",""5.16**"",""--"",""0"""
"Undetermined,""2021"",""65 to 69"",""Females"",""--"",""219,101"",""--"",""--"",""--"""
"Undetermined,""2021"",""70 to 74"",""Males"",""--"",""177,237"",""--"",""--"",""--"""
"Undetermined,""2021"",""70 to 74"",""Females"",""--"",""200,244"",""--"",""--"",""--"""
"Undetermined,""2021"",""75 to 79"",""Males"",""--"",""121,258"",""--"",""--"",""--"""
"Undetermined,""2021"",""75 to 79"",""Females"",""--"",""138,070"",""--"",""--"",""--"""
"Undetermined,""2021"",""80 to 84"",""Males"",""--"",""75,231"",""--"",""--"",""--"""
"Undetermined,""2021"",""80 to 84"",""Females"",""--"",""87,616"",""--"",""--"",""--"""
"Undetermined,""2021"",""85+"",""Males"",""--"",""58,688"",""--"",""--"",""--"""
"Undetermined,""2021"",""85+"",""Females"",""--"",""80,781"",""--"",""--"",""--"""
"Undetermined,""2020"",""0 to 4"",""Males"",""--"",""206,040"",""--"",""--"",""--"""
"Undetermined,""2020"",""0 to 4"",""Females"",""--"",""197,456"",""--"",""--"",""--"""
"Undetermined,""2020"",""10 to 14"",""Males"",""--"",""243,583"",""--"",""--"",""--"""
"Undetermined,""2020"",""10 to 14"",""Females"",""--"",""232,926"",""--"",""--"",""--"""
"Undetermined,""2020"",""15 to 19"",""Males"",""--"",""242,690"",""--"",""--"",""--"""
"Undetermined,""2020"",""15 to 19"",""Females"",""--"",""230,219"",""--"",""--"",""--"""
"Undetermined,""2020"",""20 to 24"",""Males"",""--"",""249,270"",""--"",""--"",""--"""
"Undetermined,""2020"",""20 to 24"",""Females"",""--"",""233,315"",""--"",""--"",""--"""
"Undetermined,""2020"",""25 to 29"",""Males"",""--"",""258,627"",""--"",""--"",""--"""
"Undetermined,""2020"",""25 to 29"",""Females"",""--"",""240,805"",""--"",""--"",""--"""
"Undetermined,""2020"",""30 to 34"",""Males"",""17**"",""249,591"",""6.81**"",""--"",""562"""
"Undetermined,""2020"",""30 to 34"",""Females"",""--"",""232,534"",""--"",""--"",""--"""
"Undetermined,""2020"",""35 to 39"",""Males"",""13**"",""238,354"",""5.45**"",""--"",""371"""
"Undetermined,""2020"",""35 to 39"",""Females"",""10**"",""224,491"",""4.46**"",""--"",""277"""
"Undetermined,""2020"",""40 to 44"",""Males"",""10**"",""219,479"",""4.56**"",""--"",""228"""
"Undetermined,""2020"",""40 to 44"",""Females"",""--"",""212,549"",""--"",""--"",""--"""
"Undetermined,""2020"",""45 to 49"",""Males"",""--"",""213,312"",""--"",""--"",""--"""
"Undetermined,""2020"",""45 to 49"",""Females"",""--"",""210,619"",""--"",""--"",""--"""
"Undetermined,""2020"",""50 to 54"",""Males"",""--"",""210,008"",""--"",""--"",""--"""
"Undetermined,""2020"",""50 to 54"",""Females"",""--"",""209,634"",""--"",""--"",""--"""
"Undetermined,""2020"",""55 to 59"",""Males"",""10**"",""217,440"",""4.60**"",""--"",""75"""
"Undetermined,""2020"",""55 to 59"",""Females"",""--"",""225,647"",""--"",""--"",""--"""
"Undetermined,""2020"",""60 to 64"",""Males"",""10**"",""209,681"",""4.77**"",""--"",""39"""
"Undetermined,""2020"",""60 to 64"",""Females"",""--"",""227,980"",""--"",""--"",""--"""
"Undetermined,""2020"",""65 to 69"",""Males"",""--"",""189,583"",""--"",""--"",""--"""
"Undetermined,""2020"",""65 to 69"",""Females"",""--"",""214,656"",""--"",""--"",""--"""
"Undetermined,""2020"",""70 to 74"",""Males"",""--"",""170,973"",""--"",""--"",""--"""
"Undetermined,""2020"",""75 to 79"",""Males"",""--"",""118,274"",""--"",""--"",""--"""
"Undetermined,""2020"",""75 to 79"",""Females"",""--"",""133,688"",""--"",""--"",""--"""
"Undetermined,""2020"",""85+"",""Males"",""--"",""56,791"",""--"",""--"",""--"""
"Undetermined,""2020"",""85+"",""Females"",""--"",""80,027"",""--"",""--"",""--"""
"Undetermined,""2019"",""0 to 4"",""Males"",""--"",""218,959"",""--"",""--"",""--"""
"Undetermined,""2019"",""0 to 4"",""Females"",""--"",""210,151"",""--"",""--"",""--"""
"Undetermined,""2019"",""5 to 9"",""Males"",""--"",""231,541"",""--"",""--"",""--"""
"Undetermined,""2019"",""5 to 9"",""Females"",""--"",""222,477"",""--"",""--"",""--"""
"Undetermined,""2019"",""10 to 14"",""Males"",""--"",""243,657"",""--"",""--"",""--"""
"Undetermined,""2019"",""15 to 19"",""Males"",""--"",""245,440"",""--"",""--"",""--"""
"Undetermined,""2019"",""15 to 19"",""Females"",""--"",""234,125"",""--"",""--"",""--"""
"Undetermined,""2019"",""20 to 24"",""Males"",""--"",""257,034"",""--"",""--"",""--"""
"Undetermined,""2019"",""20 to 24"",""Females"",""--"",""239,926"",""--"",""--"",""--"""
"Undetermined,""2019"",""25 to 29"",""Males"",""--"",""274,139"",""--"",""--"",""--"""
"Undetermined,""2019"",""25 to 29"",""Females"",""--"",""253,106"",""--"",""--"",""--"""
"Undetermined,""2019"",""30 to 34"",""Males"",""--"",""249,827"",""--"",""--"",""--"""
"Undetermined,""2019"",""30 to 34"",""Females"",""--"",""232,649"",""--"",""--"",""--"""
"Undetermined,""2019"",""35 to 39"",""Males"",""--"",""238,495"",""--"",""--"",""--"""
"Undetermined,""2019"",""35 to 39"",""Females"",""--"",""229,018"",""--"",""--"",""--"""
"Undetermined,""2019"",""40 to 44"",""Males"",""--"",""215,569"",""--"",""--"",""--"""
"Undetermined,""2019"",""40 to 44"",""Females"",""--"",""213,403"",""--"",""--"",""--"""
"Undetermined,""2019"",""45 to 49"",""Males"",""--"",""215,421"",""--"",""--"",""--"""
"Undetermined,""2019"",""45 to 49"",""Females"",""--"",""217,630"",""--"",""--"",""--"""
"Undetermined,""2019"",""50 to 54"",""Males"",""--"",""206,772"",""--"",""--"",""--"""
"Undetermined,""2019"",""50 to 54"",""Females"",""--"",""211,827"",""--"",""--"",""--"""
"Undetermined,""2019"",""55 to 59"",""Males"",""--"",""216,293"",""--"",""--"",""--"""
"Undetermined,""2019"",""55 to 59"",""Females"",""--"",""230,465"",""--"",""--"",""--"""
"Undetermined,""2019"",""60 to 64"",""Males"",""--"",""204,086"",""--"",""--"",""--"""
"Undetermined,""2019"",""60 to 64"",""Females"",""--"",""229,478"",""--"",""--"",""--"""
"Undetermined,""2019"",""65 to 69"",""Males"",""--"",""184,808"",""--"",""--"",""--"""
"Undetermined,""2019"",""65 to 69"",""Females"",""--"",""214,430"",""--"",""--"",""--"""
"Undetermined,""2019"",""70 to 74"",""Males"",""--"",""166,440"",""--"",""--"",""--"""
"Undetermined,""2019"",""70 to 74"",""Females"",""--"",""188,636"",""--"",""--"",""--"""
"Undetermined,""2019"",""75 to 79"",""Males"",""--"",""118,458"",""--"",""--"",""--"""
"Undetermined,""2019"",""75 to 79"",""Females"",""--"",""135,655"",""--"",""--"",""--"""
"Undetermined,""2019"",""85+"",""Males"",""--"",""61,656"",""--"",""--"",""--"""
"Undetermined,""2018"",""0 to 4"",""Males"",""10**"",""220,397"",""4.54**"",""--"",""642"""
"Undetermined,""2018"",""0 to 4"",""Females"",""--"",""211,888"",""--"",""--"",""--"""
"Undetermined,""2018"",""5 to 9"",""Males"",""--"",""229,945"",""--"",""--"",""--"""
"Undetermined,""2018"",""10 to 14"",""Males"",""--"",""242,809"",""--"",""--"",""--"""
"Undetermined,""2018"",""15 to 19"",""Males"",""--"",""242,386"",""--"",""--"",""--"""
"Undetermined,""2018"",""15 to 19"",""Females"",""--"",""231,555"",""--"",""--"",""--"""
"Undetermined,""2018"",""20 to 24"",""Males"",""--"",""256,027"",""--"",""--"",""--"""
"Undetermined,""2018"",""20 to 24"",""Females"",""--"",""236,402"",""--"",""--"",""--"""
"Undetermined,""2018"",""25 to 29"",""Males"",""10**"",""268,889"",""3.72**"",""--"",""384"""
"Undetermined,""2018"",""25 to 29"",""Females"",""--"",""248,869"",""--"",""--"",""--"""
"Undetermined,""2018"",""30 to 34"",""Males"",""13**"",""242,040"",""5.37**"",""--"",""421"""
"Undetermined,""2018"",""30 to 34"",""Females"",""--"",""225,892"",""--"",""--"",""--"""
"Undetermined,""2018"",""35 to 39"",""Males"",""--"",""233,543"",""--"",""--"",""--"""
"Undetermined,""2018"",""35 to 39"",""Females"",""--"",""224,917"",""--"",""--"",""--"""
"Undetermined,""2018"",""40 to 44"",""Males"",""--"",""211,453"",""--"",""--"",""--"""
"Undetermined,""2018"",""40 to 44"",""Females"",""--"",""209,774"",""--"",""--"",""--"""
"Undetermined,""2018"",""45 to 49"",""Males"",""--"",""214,908"",""--"",""--"",""--"""
"Undetermined,""2018"",""45 to 49"",""Females"",""--"",""216,204"",""--"",""--"",""--"""
"Undetermined,""2018"",""50 to 54"",""Males"",""10**"",""205,773"",""4.86**"",""--"",""129"""
"Undetermined,""2018"",""50 to 54"",""Females"",""--"",""212,183"",""--"",""--"",""--"""
"Undetermined,""2018"",""55 to 59"",""Males"",""14**"",""213,445"",""6.56**"",""--"",""113"""
"Undetermined,""2018"",""55 to 59"",""Females"",""--"",""227,767"",""--"",""--"",""--"""
"Undetermined,""2018"",""60 to 64"",""Males"",""--"",""198,721"",""--"",""--"",""--"""
"Undetermined,""2018"",""60 to 64"",""Females"",""--"",""224,349"",""--"",""--"",""--"""
"Undetermined,""2018"",""65 to 69"",""Males"",""--"",""180,737"",""--"",""--"",""--"""
"Undetermined,""2018"",""65 to 69"",""Females"",""--"",""208,318"",""--"",""--"",""--"""
"Undetermined,""2018"",""70 to 74"",""Males"",""--"",""158,201"",""--"",""--"",""--"""
"Undetermined,""2018"",""70 to 74"",""Females"",""--"",""178,478"",""--"",""--"",""--"""
"Undetermined,""2018"",""75 to 79"",""Males"",""--"",""111,602"",""--"",""--"",""--"""
"Undetermined,""2018"",""75 to 79"",""Females"",""--"",""127,735"",""--"",""--"",""--"""
"Undetermined,""2018"",""80 to 84"",""Males"",""--"",""70,050"",""--"",""--"",""--"""
"Undetermined,""2018"",""85+"",""Males"",""--"",""59,243"",""--"",""--"",""--"""
"Total,"""","""","""",""45,234"",""43,712,269"",""103.48"",""98.56"",""836,429"""
